-- phpMyAdmin SQL Dump
-- version 5.0.4
-- https://www.phpmyadmin.net/
--
-- Host: 127.0.0.1
-- Creato il: Feb 15, 2025 alle 19:27
-- Versione del server: 10.4.17-MariaDB
-- Versione PHP: 7.3.27

SET SQL_MODE = "NO_AUTO_VALUE_ON_ZERO";
START TRANSACTION;
SET time_zone = "+00:00";


/*!40101 SET @OLD_CHARACTER_SET_CLIENT=@@CHARACTER_SET_CLIENT */;
/*!40101 SET @OLD_CHARACTER_SET_RESULTS=@@CHARACTER_SET_RESULTS */;
/*!40101 SET @OLD_COLLATION_CONNECTION=@@COLLATION_CONNECTION */;
/*!40101 SET NAMES utf8mb4 */;

--
-- Database: `console`
--

-- --------------------------------------------------------

--
-- Struttura della tabella `countdown`
--

CREATE TABLE `countdown` (
  `id` int(11) NOT NULL,
  `start_time` datetime NOT NULL,
  `end_time` datetime NOT NULL,
  `status_countdown` varchar(20) NOT NULL DEFAULT 'in corso',
  `user_id` varchar(100) DEFAULT NULL
) ENGINE=InnoDB DEFAULT CHARSET=utf8mb4;

--
-- Dump dei dati per la tabella `countdown`
--

INSERT INTO `countdown` (`id`, `start_time`, `end_time`, `status_countdown`, `user_id`) VALUES
(225, '2025-01-28 14:05:57', '2025-01-29 14:05:57', 'in corso', '6096643463'),
(246, '2025-02-14 12:04:02', '2025-02-15 12:04:02', 'inattivo', '278535579'),
(267, '9999-12-31 23:59:59', '9999-12-31 23:59:59', 'inattivo', '2785'),
(268, '2025-02-13 15:30:34', '2025-02-14 15:30:34', 'in corso', '1'),
(269, '2025-02-13 20:20:06', '2025-02-14 20:20:06', 'in corso', '4'),
(270, '2025-02-13 20:20:04', '2025-02-14 20:20:04', 'in corso', '3'),
(271, '2025-02-13 20:20:00', '2025-02-14 20:20:00', 'in corso', '2'),
(272, '2025-02-13 20:20:02', '2025-02-14 20:20:02', 'in corso', '7'),
(273, '2025-02-13 20:20:06', '2025-02-14 20:20:06', 'in corso', '18'),
(274, '2025-02-13 20:20:06', '2025-02-14 20:20:06', 'in corso', '5'),
(275, '2025-02-13 20:20:07', '2025-02-14 20:20:07', 'in corso', '28'),
(276, '2025-02-13 20:20:07', '2025-02-14 20:20:07', 'in corso', '30'),
(277, '2025-02-13 20:20:07', '2025-02-14 20:20:07', 'in corso', '8'),
(278, '2025-02-13 20:20:06', '2025-02-14 20:20:06', 'in corso', '6'),
(279, '2025-02-13 20:20:07', '2025-02-14 20:20:07', 'in corso', '22'),
(280, '2025-02-13 20:20:07', '2025-02-14 20:20:07', 'in corso', '9'),
(281, '2025-02-13 20:20:07', '2025-02-14 20:20:07', 'in corso', '23'),
(282, '2025-02-13 20:20:08', '2025-02-14 20:20:08', 'in corso', '24'),
(283, '2025-02-13 20:20:07', '2025-02-14 20:20:07', 'in corso', '38'),
(284, '2025-02-13 20:20:07', '2025-02-14 20:20:07', 'in corso', '26'),
(285, '2025-02-13 20:20:07', '2025-02-14 20:20:07', 'in corso', '51'),
(286, '2025-02-13 20:20:07', '2025-02-14 20:20:07', 'in corso', '27'),
(287, '2025-02-13 20:20:08', '2025-02-14 20:20:08', 'in corso', '25'),
(288, '2025-02-13 20:20:08', '2025-02-14 20:20:08', 'in corso', '50'),
(289, '2025-02-13 20:20:11', '2025-02-14 20:20:11', 'in corso', '21'),
(290, '2025-02-13 20:20:08', '2025-02-14 20:20:08', 'in corso', '46'),
(291, '2025-02-13 20:20:11', '2025-02-14 20:20:11', 'in corso', '47'),
(292, '2025-02-13 20:20:08', '2025-02-14 20:20:08', 'in corso', '49'),
(293, '2025-02-13 20:20:08', '2025-02-14 20:20:08', 'in corso', '43'),
(294, '2025-02-13 20:20:08', '2025-02-14 20:20:08', 'in corso', '45'),
(295, '2025-02-13 20:20:11', '2025-02-14 20:20:11', 'in corso', '39'),
(296, '2025-02-13 20:20:11', '2025-02-14 20:20:11', 'in corso', '29'),
(297, '2025-02-13 20:20:10', '2025-02-14 20:20:10', 'in corso', '48'),
(298, '2025-02-13 20:20:11', '2025-02-14 20:20:11', 'in corso', '32'),
(299, '2025-02-13 20:20:11', '2025-02-14 20:20:11', 'in corso', '31'),
(300, '2025-02-13 20:20:11', '2025-02-14 20:20:11', 'in corso', '44'),
(301, '2025-02-13 20:20:08', '2025-02-14 20:20:08', 'in corso', '83'),
(302, '2025-02-13 20:20:17', '2025-02-14 20:20:17', 'in corso', '20'),
(303, '2025-02-13 20:20:16', '2025-02-14 20:20:16', 'in corso', '14'),
(304, '2025-02-13 20:20:17', '2025-02-14 20:20:17', 'in corso', '80'),
(305, '2025-02-13 20:20:17', '2025-02-14 20:20:17', 'in corso', '19'),
(306, '2025-02-13 20:20:17', '2025-02-14 20:20:17', 'in corso', '79'),
(307, '2025-02-13 20:20:17', '2025-02-14 20:20:17', 'in corso', '11'),
(308, '2025-02-13 20:20:17', '2025-02-14 20:20:17', 'in corso', '78'),
(309, '2025-02-13 20:20:17', '2025-02-14 20:20:17', 'in corso', '74'),
(310, '2025-02-13 20:20:17', '2025-02-14 20:20:17', 'in corso', '82'),
(311, '2025-02-13 20:20:17', '2025-02-14 20:20:17', 'in corso', '15'),
(312, '2025-02-13 20:20:17', '2025-02-14 20:20:17', 'in corso', '68'),
(313, '2025-02-13 20:20:17', '2025-02-14 20:20:17', 'in corso', '77'),
(314, '2025-02-13 20:20:19', '2025-02-14 20:20:19', 'in corso', '75'),
(315, '2025-02-13 20:20:18', '2025-02-14 20:20:18', 'in corso', '62'),
(316, '2025-02-13 20:20:19', '2025-02-14 20:20:19', 'in corso', '81'),
(317, '2025-02-13 20:20:18', '2025-02-14 20:20:18', 'in corso', '72'),
(318, '2025-02-13 20:20:19', '2025-02-14 20:20:19', 'in corso', '57'),
(319, '2025-02-13 20:20:18', '2025-02-14 20:20:18', 'in corso', '71'),
(320, '2025-02-13 20:20:19', '2025-02-14 20:20:19', 'in corso', '67'),
(321, '2025-02-13 20:20:18', '2025-02-14 20:20:18', 'in corso', '56'),
(322, '2025-02-13 20:20:17', '2025-02-14 20:20:17', 'in corso', '76'),
(323, '2025-02-13 20:20:19', '2025-02-14 20:20:19', 'in corso', '85'),
(324, '2025-02-13 20:20:18', '2025-02-14 20:20:18', 'in corso', '92'),
(325, '2025-02-13 20:20:18', '2025-02-14 20:20:18', 'in corso', '34'),
(326, '2025-02-13 20:20:18', '2025-02-14 20:20:18', 'in corso', '87'),
(327, '2025-02-13 20:20:18', '2025-02-14 20:20:18', 'in corso', '96'),
(328, '2025-02-13 20:20:18', '2025-02-14 20:20:18', 'in corso', '99'),
(329, '2025-02-13 20:20:19', '2025-02-14 20:20:19', 'in corso', '55'),
(330, '2025-02-13 20:20:18', '2025-02-14 20:20:18', 'in corso', '59'),
(331, '2025-02-13 20:20:18', '2025-02-14 20:20:18', 'in corso', '16'),
(332, '2025-02-13 20:20:19', '2025-02-14 20:20:19', 'in corso', '37'),
(333, '2025-02-13 20:20:18', '2025-02-14 20:20:18', 'in corso', '90'),
(334, '2025-02-13 20:20:19', '2025-02-14 20:20:19', 'in corso', '65'),
(335, '2025-02-13 20:20:18', '2025-02-14 20:20:18', 'in corso', '35'),
(336, '2025-02-13 20:20:19', '2025-02-14 20:20:19', 'in corso', '12'),
(337, '2025-02-13 20:20:18', '2025-02-14 20:20:18', 'in corso', '36'),
(338, '2025-02-13 20:20:18', '2025-02-14 20:20:18', 'in corso', '89'),
(339, '2025-02-13 20:20:19', '2025-02-14 20:20:19', 'in corso', '53'),
(340, '2025-02-13 20:20:19', '2025-02-14 20:20:19', 'in corso', '69'),
(341, '2025-02-13 20:20:18', '2025-02-14 20:20:18', 'in corso', '95'),
(342, '2025-02-13 20:20:19', '2025-02-14 20:20:19', 'in corso', '94'),
(343, '2025-02-13 20:20:19', '2025-02-14 20:20:19', 'in corso', '40'),
(344, '2025-02-13 20:20:18', '2025-02-14 20:20:18', 'in corso', '64'),
(345, '2025-02-13 20:20:18', '2025-02-14 20:20:18', 'in corso', '42'),
(346, '2025-02-13 20:20:18', '2025-02-14 20:20:18', 'in corso', '84'),
(347, '2025-02-13 20:20:19', '2025-02-14 20:20:19', 'in corso', '93'),
(348, '2025-02-13 20:20:18', '2025-02-14 20:20:18', 'in corso', '33'),
(349, '2025-02-13 20:20:18', '2025-02-14 20:20:18', 'in corso', '58'),
(350, '2025-02-13 20:20:18', '2025-02-14 20:20:18', 'in corso', '13'),
(351, '2025-02-13 20:20:19', '2025-02-14 20:20:19', 'in corso', '70'),
(352, '2025-02-13 20:20:18', '2025-02-14 20:20:18', 'in corso', '63'),
(353, '2025-02-13 20:20:19', '2025-02-14 20:20:19', 'in corso', '73'),
(354, '2025-02-13 20:20:19', '2025-02-14 20:20:19', 'in corso', '88'),
(355, '2025-02-13 20:20:19', '2025-02-14 20:20:19', 'in corso', '86'),
(356, '2025-02-13 20:20:18', '2025-02-14 20:20:18', 'in corso', '54'),
(357, '2025-02-13 20:20:19', '2025-02-14 20:20:19', 'in corso', '41'),
(358, '2025-02-13 20:20:18', '2025-02-14 20:20:18', 'in corso', '61'),
(359, '2025-02-13 20:20:19', '2025-02-14 20:20:19', 'in corso', '97'),
(360, '2025-02-13 20:20:19', '2025-02-14 20:20:19', 'in corso', '17'),
(361, '2025-02-13 20:20:18', '2025-02-14 20:20:18', 'in corso', '91'),
(362, '2025-02-13 20:20:18', '2025-02-14 20:20:18', 'in corso', '52'),
(363, '2025-02-13 20:20:18', '2025-02-14 20:20:18', 'in corso', '98'),
(364, '2025-02-13 20:20:19', '2025-02-14 20:20:19', 'in corso', '60'),
(365, '2025-02-13 20:20:19', '2025-02-14 20:20:19', 'in corso', '66'),
(366, '2025-02-13 20:20:19', '2025-02-14 20:20:19', 'in corso', '100'),
(367, '2025-02-13 20:20:20', '2025-02-14 20:20:20', 'in corso', '10'),
(368, '2025-02-13 20:20:20', '2025-02-14 20:20:20', 'in corso', '101'),
(369, '2025-02-13 20:20:20', '2025-02-14 20:20:20', 'in corso', '102'),
(370, '2025-02-13 20:20:23', '2025-02-14 20:20:23', 'in corso', '103'),
(371, '2025-02-13 20:20:23', '2025-02-14 20:20:23', 'in corso', '104'),
(372, '2025-02-13 20:20:25', '2025-02-14 20:20:25', 'in corso', '105'),
(373, '2025-02-13 20:20:27', '2025-02-14 20:20:27', 'in corso', '106'),
(374, '2025-02-13 20:20:27', '2025-02-14 20:20:27', 'in corso', '107'),
(375, '2025-02-13 20:20:27', '2025-02-14 20:20:27', 'in corso', '108'),
(376, '2025-02-13 20:20:28', '2025-02-14 20:20:28', 'in corso', '112'),
(377, '2025-02-13 20:20:28', '2025-02-14 20:20:28', 'in corso', '109'),
(378, '2025-02-13 20:20:28', '2025-02-14 20:20:28', 'in corso', '113'),
(379, '2025-02-13 20:20:28', '2025-02-14 20:20:28', 'in corso', '111'),
(380, '2025-02-13 20:20:28', '2025-02-14 20:20:28', 'in corso', '110'),
(381, '2025-02-13 20:20:28', '2025-02-14 20:20:28', 'in corso', '118'),
(382, '2025-02-13 20:20:28', '2025-02-14 20:20:28', 'in corso', '114'),
(383, '2025-02-13 20:20:28', '2025-02-14 20:20:28', 'in corso', '115'),
(384, '2025-02-13 20:20:28', '2025-02-14 20:20:28', 'in corso', '117'),
(385, '2025-02-13 20:20:28', '2025-02-14 20:20:28', 'in corso', '116'),
(386, '2025-02-13 20:20:28', '2025-02-14 20:20:28', 'in corso', '119'),
(387, '2025-02-13 20:20:28', '2025-02-14 20:20:28', 'in corso', '120'),
(388, '2025-02-13 20:20:28', '2025-02-14 20:20:28', 'in corso', '121'),
(389, '2025-02-13 20:20:28', '2025-02-14 20:20:28', 'in corso', '122'),
(390, '2025-02-13 20:20:29', '2025-02-14 20:20:29', 'in corso', '124'),
(391, '2025-02-13 20:20:29', '2025-02-14 20:20:29', 'in corso', '123'),
(392, '2025-02-13 20:20:29', '2025-02-14 20:20:29', 'in corso', '125'),
(393, '2025-02-13 20:20:29', '2025-02-14 20:20:29', 'in corso', '127'),
(394, '2025-02-13 20:20:29', '2025-02-14 20:20:29', 'in corso', '128'),
(395, '2025-02-13 20:20:29', '2025-02-14 20:20:29', 'in corso', '126'),
(396, '2025-02-13 20:20:29', '2025-02-14 20:20:29', 'in corso', '131'),
(397, '2025-02-13 20:20:30', '2025-02-14 20:20:30', 'in corso', '132'),
(398, '2025-02-13 20:20:29', '2025-02-14 20:20:29', 'in corso', '133'),
(399, '2025-02-13 20:20:30', '2025-02-14 20:20:30', 'in corso', '134'),
(400, '2025-02-13 20:20:30', '2025-02-14 20:20:30', 'in corso', '130'),
(401, '2025-02-13 20:20:30', '2025-02-14 20:20:30', 'in corso', '129'),
(402, '2025-02-13 20:20:33', '2025-02-14 20:20:33', 'in corso', '136'),
(403, '2025-02-13 20:20:33', '2025-02-14 20:20:33', 'in corso', '139'),
(404, '2025-02-13 20:20:32', '2025-02-14 20:20:32', 'in corso', '138'),
(405, '2025-02-13 20:20:33', '2025-02-14 20:20:33', 'in corso', '137'),
(406, '2025-02-13 20:20:34', '2025-02-14 20:20:34', 'in corso', '140'),
(407, '2025-02-13 20:20:33', '2025-02-14 20:20:33', 'in corso', '135'),
(408, '2025-02-13 20:20:35', '2025-02-14 20:20:35', 'in corso', '141'),
(409, '2025-02-13 20:20:37', '2025-02-14 20:20:37', 'in corso', '142'),
(410, '2025-02-13 20:20:37', '2025-02-14 20:20:37', 'in corso', '143'),
(411, '2025-02-13 20:20:38', '2025-02-14 20:20:38', 'in corso', '144'),
(412, '2025-02-13 20:20:37', '2025-02-14 20:20:37', 'in corso', '145'),
(413, '2025-02-13 20:20:37', '2025-02-14 20:20:37', 'in corso', '146'),
(414, '2025-02-13 20:20:38', '2025-02-14 20:20:38', 'in corso', '149'),
(415, '2025-02-13 20:20:38', '2025-02-14 20:20:38', 'in corso', '147'),
(416, '2025-02-13 20:20:38', '2025-02-14 20:20:38', 'in corso', '148'),
(417, '2025-02-13 20:20:38', '2025-02-14 20:20:38', 'in corso', '150'),
(418, '2025-02-13 20:20:38', '2025-02-14 20:20:38', 'in corso', '151'),
(419, '2025-02-13 20:20:38', '2025-02-14 20:20:38', 'in corso', '152'),
(420, '2025-02-13 20:20:38', '2025-02-14 20:20:38', 'in corso', '153'),
(421, '2025-02-13 20:20:38', '2025-02-14 20:20:38', 'in corso', '156'),
(422, '2025-02-13 20:20:38', '2025-02-14 20:20:38', 'in corso', '154'),
(423, '2025-02-13 20:20:38', '2025-02-14 20:20:38', 'in corso', '155'),
(424, '2025-02-13 20:20:38', '2025-02-14 20:20:38', 'in corso', '157'),
(425, '2025-02-13 20:20:39', '2025-02-14 20:20:39', 'in corso', '158'),
(426, '2025-02-13 20:20:39', '2025-02-14 20:20:39', 'in corso', '160'),
(427, '2025-02-13 20:20:39', '2025-02-14 20:20:39', 'in corso', '161'),
(428, '2025-02-13 20:20:39', '2025-02-14 20:20:39', 'in corso', '159'),
(429, '2025-02-13 20:20:39', '2025-02-14 20:20:39', 'in corso', '162'),
(430, '2025-02-13 20:20:39', '2025-02-14 20:20:39', 'in corso', '163'),
(431, '2025-02-13 20:20:39', '2025-02-14 20:20:39', 'in corso', '164'),
(432, '2025-02-13 20:20:39', '2025-02-14 20:20:39', 'in corso', '165'),
(433, '2025-02-13 20:20:39', '2025-02-14 20:20:39', 'in corso', '167'),
(434, '2025-02-13 20:20:39', '2025-02-14 20:20:39', 'in corso', '166'),
(435, '2025-02-13 20:20:39', '2025-02-14 20:20:39', 'in corso', '168'),
(436, '2025-02-13 20:20:39', '2025-02-14 20:20:39', 'in corso', '169'),
(437, '2025-02-13 20:20:39', '2025-02-14 20:20:39', 'in corso', '170'),
(438, '2025-02-13 20:20:39', '2025-02-14 20:20:39', 'in corso', '171'),
(439, '2025-02-13 20:20:39', '2025-02-14 20:20:39', 'in corso', '172'),
(440, '2025-02-13 20:20:39', '2025-02-14 20:20:39', 'in corso', '173'),
(441, '2025-02-13 20:20:39', '2025-02-14 20:20:39', 'in corso', '176'),
(442, '2025-02-13 20:20:39', '2025-02-14 20:20:39', 'in corso', '174'),
(443, '2025-02-13 20:20:39', '2025-02-14 20:20:39', 'in corso', '175'),
(444, '2025-02-13 20:20:39', '2025-02-14 20:20:39', 'in corso', '177'),
(445, '2025-02-13 20:20:39', '2025-02-14 20:20:39', 'in corso', '178'),
(446, '2025-02-13 20:20:40', '2025-02-14 20:20:40', 'in corso', '179'),
(447, '2025-02-13 20:20:40', '2025-02-14 20:20:40', 'in corso', '180'),
(448, '2025-02-13 20:20:40', '2025-02-14 20:20:40', 'in corso', '181'),
(449, '2025-02-13 20:20:40', '2025-02-14 20:20:40', 'in corso', '182'),
(450, '2025-02-13 20:20:40', '2025-02-14 20:20:40', 'in corso', '183'),
(451, '2025-02-13 20:20:40', '2025-02-14 20:20:40', 'in corso', '184'),
(452, '2025-02-13 20:20:40', '2025-02-14 20:20:40', 'in corso', '186'),
(453, '2025-02-13 20:20:40', '2025-02-14 20:20:40', 'in corso', '185'),
(454, '2025-02-13 20:20:40', '2025-02-14 20:20:40', 'in corso', '188'),
(455, '2025-02-13 20:20:40', '2025-02-14 20:20:40', 'in corso', '187'),
(456, '2025-02-13 20:20:40', '2025-02-14 20:20:40', 'in corso', '189'),
(457, '2025-02-13 20:20:40', '2025-02-14 20:20:40', 'in corso', '191'),
(458, '2025-02-13 20:20:40', '2025-02-14 20:20:40', 'in corso', '190'),
(459, '2025-02-13 20:20:40', '2025-02-14 20:20:40', 'in corso', '193'),
(460, '2025-02-13 20:20:40', '2025-02-14 20:20:40', 'in corso', '194'),
(461, '2025-02-13 20:20:40', '2025-02-14 20:20:40', 'in corso', '192'),
(462, '2025-02-13 20:20:41', '2025-02-14 20:20:41', 'in corso', '195'),
(463, '2025-02-13 20:20:40', '2025-02-14 20:20:40', 'in corso', '196'),
(464, '2025-02-13 20:20:41', '2025-02-14 20:20:41', 'in corso', '197'),
(465, '2025-02-13 20:20:41', '2025-02-14 20:20:41', 'in corso', '198'),
(466, '2025-02-13 20:20:41', '2025-02-14 20:20:41', 'in corso', '199'),
(467, '2025-02-13 20:20:41', '2025-02-14 20:20:41', 'in corso', '200'),
(468, '2025-02-13 20:20:41', '2025-02-14 20:20:41', 'in corso', '201'),
(469, '2025-02-13 20:20:41', '2025-02-14 20:20:41', 'in corso', '202'),
(470, '2025-02-13 20:20:44', '2025-02-14 20:20:44', 'in corso', '203'),
(471, '2025-02-13 20:20:43', '2025-02-14 20:20:43', 'in corso', '204'),
(472, '2025-02-13 20:20:47', '2025-02-14 20:20:47', 'in corso', '205'),
(473, '2025-02-13 20:20:49', '2025-02-14 20:20:49', 'in corso', '206'),
(474, '2025-02-13 20:20:49', '2025-02-14 20:20:49', 'in corso', '207'),
(475, '2025-02-13 20:20:50', '2025-02-14 20:20:50', 'in corso', '208'),
(476, '2025-02-13 20:20:50', '2025-02-14 20:20:50', 'in corso', '209'),
(477, '2025-02-13 20:20:50', '2025-02-14 20:20:50', 'in corso', '210'),
(478, '2025-02-13 20:20:50', '2025-02-14 20:20:50', 'in corso', '211'),
(479, '2025-02-13 20:20:50', '2025-02-14 20:20:50', 'in corso', '212'),
(480, '2025-02-13 20:20:50', '2025-02-14 20:20:50', 'in corso', '213'),
(481, '2025-02-13 20:20:50', '2025-02-14 20:20:50', 'in corso', '214'),
(482, '2025-02-13 20:20:50', '2025-02-14 20:20:50', 'in corso', '215'),
(483, '2025-02-13 20:20:50', '2025-02-14 20:20:50', 'in corso', '216'),
(484, '2025-02-13 20:20:50', '2025-02-14 20:20:50', 'in corso', '217'),
(485, '2025-02-13 20:20:50', '2025-02-14 20:20:50', 'in corso', '218'),
(486, '2025-02-13 20:20:50', '2025-02-14 20:20:50', 'in corso', '219'),
(487, '2025-02-13 20:20:50', '2025-02-14 20:20:50', 'in corso', '220'),
(488, '2025-02-13 20:20:51', '2025-02-14 20:20:51', 'in corso', '222'),
(489, '2025-02-13 20:20:50', '2025-02-14 20:20:50', 'in corso', '221'),
(490, '2025-02-13 20:20:50', '2025-02-14 20:20:50', 'in corso', '223'),
(491, '2025-02-13 20:20:51', '2025-02-14 20:20:51', 'in corso', '225'),
(492, '2025-02-13 20:20:51', '2025-02-14 20:20:51', 'in corso', '224'),
(493, '2025-02-13 20:20:51', '2025-02-14 20:20:51', 'in corso', '228'),
(494, '2025-02-13 20:20:51', '2025-02-14 20:20:51', 'in corso', '226'),
(495, '2025-02-13 20:20:51', '2025-02-14 20:20:51', 'in corso', '227'),
(496, '2025-02-13 20:20:52', '2025-02-14 20:20:52', 'in corso', '229'),
(497, '2025-02-13 20:20:52', '2025-02-14 20:20:52', 'in corso', '230'),
(498, '2025-02-13 20:20:52', '2025-02-14 20:20:52', 'in corso', '231'),
(499, '2025-02-13 20:20:52', '2025-02-14 20:20:52', 'in corso', '232'),
(500, '2025-02-13 20:20:53', '2025-02-14 20:20:53', 'in corso', '234'),
(501, '2025-02-13 20:20:53', '2025-02-14 20:20:53', 'in corso', '233'),
(502, '2025-02-13 20:20:56', '2025-02-14 20:20:56', 'in corso', '235'),
(503, '2025-02-13 20:20:56', '2025-02-14 20:20:56', 'in corso', '237'),
(504, '2025-02-13 20:20:56', '2025-02-14 20:20:56', 'in corso', '236'),
(505, '2025-02-13 20:20:56', '2025-02-14 20:20:56', 'in corso', '238'),
(506, '2025-02-13 20:20:56', '2025-02-14 20:20:56', 'in corso', '239'),
(507, '2025-02-13 20:20:57', '2025-02-14 20:20:57', 'in corso', '240'),
(508, '2025-02-13 20:20:57', '2025-02-14 20:20:57', 'in corso', '241'),
(509, '2025-02-13 20:20:57', '2025-02-14 20:20:57', 'in corso', '243'),
(510, '2025-02-13 20:20:58', '2025-02-14 20:20:58', 'in corso', '244'),
(511, '2025-02-13 20:20:58', '2025-02-14 20:20:58', 'in corso', '242'),
(512, '2025-02-13 20:20:58', '2025-02-14 20:20:58', 'in corso', '245'),
(513, '2025-02-13 20:20:58', '2025-02-14 20:20:58', 'in corso', '246'),
(514, '2025-02-13 20:20:58', '2025-02-14 20:20:58', 'in corso', '247'),
(515, '2025-02-13 20:20:58', '2025-02-14 20:20:58', 'in corso', '250'),
(516, '2025-02-13 20:20:58', '2025-02-14 20:20:58', 'in corso', '249'),
(517, '2025-02-13 20:20:58', '2025-02-14 20:20:58', 'in corso', '248'),
(518, '2025-02-13 20:20:58', '2025-02-14 20:20:58', 'in corso', '251'),
(519, '2025-02-13 20:20:58', '2025-02-14 20:20:58', 'in corso', '252'),
(520, '2025-02-13 20:20:58', '2025-02-14 20:20:58', 'in corso', '254'),
(521, '2025-02-13 20:20:58', '2025-02-14 20:20:58', 'in corso', '253'),
(522, '2025-02-13 20:20:58', '2025-02-14 20:20:58', 'in corso', '255'),
(523, '2025-02-13 20:21:00', '2025-02-14 20:21:00', 'in corso', '256'),
(524, '2025-02-13 20:21:00', '2025-02-14 20:21:00', 'in corso', '257'),
(525, '2025-02-13 20:21:00', '2025-02-14 20:21:00', 'in corso', '261'),
(526, '2025-02-13 20:21:00', '2025-02-14 20:21:00', 'in corso', '258'),
(527, '2025-02-13 20:21:00', '2025-02-14 20:21:00', 'in corso', '259'),
(528, '2025-02-13 20:21:00', '2025-02-14 20:21:00', 'in corso', '260'),
(529, '2025-02-13 20:21:00', '2025-02-14 20:21:00', 'in corso', '262'),
(530, '2025-02-13 20:21:00', '2025-02-14 20:21:00', 'in corso', '263'),
(531, '2025-02-13 20:21:00', '2025-02-14 20:21:00', 'in corso', '264'),
(532, '2025-02-13 20:21:00', '2025-02-14 20:21:00', 'in corso', '266'),
(533, '2025-02-13 20:21:00', '2025-02-14 20:21:00', 'in corso', '265'),
(534, '2025-02-13 20:21:00', '2025-02-14 20:21:00', 'in corso', '267'),
(535, '2025-02-13 20:21:00', '2025-02-14 20:21:00', 'in corso', '268'),
(536, '2025-02-13 20:21:00', '2025-02-14 20:21:00', 'in corso', '269'),
(537, '2025-02-13 20:21:00', '2025-02-14 20:21:00', 'in corso', '270'),
(538, '2025-02-13 20:21:00', '2025-02-14 20:21:00', 'in corso', '272'),
(539, '2025-02-13 20:21:00', '2025-02-14 20:21:00', 'in corso', '275'),
(540, '2025-02-13 20:21:00', '2025-02-14 20:21:00', 'in corso', '274'),
(541, '2025-02-13 20:21:00', '2025-02-14 20:21:00', 'in corso', '273'),
(542, '2025-02-13 20:21:00', '2025-02-14 20:21:00', 'in corso', '271'),
(543, '2025-02-13 20:21:00', '2025-02-14 20:21:00', 'in corso', '276'),
(544, '2025-02-13 20:21:00', '2025-02-14 20:21:00', 'in corso', '277'),
(545, '2025-02-13 20:21:00', '2025-02-14 20:21:00', 'in corso', '278'),
(546, '2025-02-13 20:21:00', '2025-02-14 20:21:00', 'in corso', '280'),
(547, '2025-02-13 20:21:00', '2025-02-14 20:21:00', 'in corso', '279'),
(548, '2025-02-13 20:21:01', '2025-02-14 20:21:01', 'in corso', '282'),
(549, '2025-02-13 20:21:01', '2025-02-14 20:21:01', 'in corso', '281'),
(550, '2025-02-13 20:21:01', '2025-02-14 20:21:01', 'in corso', '283'),
(551, '2025-02-13 20:21:02', '2025-02-14 20:21:02', 'in corso', '284'),
(552, '2025-02-13 20:21:02', '2025-02-14 20:21:02', 'in corso', '285'),
(553, '2025-02-13 20:21:02', '2025-02-14 20:21:02', 'in corso', '286'),
(554, '2025-02-13 20:21:02', '2025-02-14 20:21:02', 'in corso', '287'),
(555, '2025-02-13 20:21:02', '2025-02-14 20:21:02', 'in corso', '290'),
(556, '2025-02-13 20:21:02', '2025-02-14 20:21:02', 'in corso', '289'),
(557, '2025-02-13 20:21:02', '2025-02-14 20:21:02', 'in corso', '288'),
(558, '2025-02-13 20:21:02', '2025-02-14 20:21:02', 'in corso', '291'),
(559, '2025-02-13 20:21:02', '2025-02-14 20:21:02', 'in corso', '292'),
(560, '2025-02-13 20:21:02', '2025-02-14 20:21:02', 'in corso', '293'),
(561, '2025-02-13 20:21:02', '2025-02-14 20:21:02', 'in corso', '294'),
(562, '2025-02-13 20:21:02', '2025-02-14 20:21:02', 'in corso', '295'),
(563, '2025-02-13 20:21:02', '2025-02-14 20:21:02', 'in corso', '296'),
(564, '2025-02-13 20:21:02', '2025-02-14 20:21:02', 'in corso', '297'),
(565, '2025-02-13 20:21:03', '2025-02-14 20:21:03', 'in corso', '298'),
(566, '2025-02-13 20:21:03', '2025-02-14 20:21:03', 'in corso', '299'),
(567, '2025-02-13 20:21:03', '2025-02-14 20:21:03', 'in corso', '300'),
(568, '2025-02-13 20:21:03', '2025-02-14 20:21:03', 'in corso', '301'),
(569, '2025-02-13 20:21:03', '2025-02-14 20:21:03', 'in corso', '302'),
(570, '2025-02-13 20:21:06', '2025-02-14 20:21:06', 'in corso', '303'),
(571, '2025-02-13 20:21:06', '2025-02-14 20:21:06', 'in corso', '304'),
(572, '2025-02-13 20:21:07', '2025-02-14 20:21:07', 'in corso', '305'),
(573, '9999-12-31 23:59:59', '9999-12-31 23:59:59', 'inattivo', '306'),
(574, '9999-12-31 23:59:59', '9999-12-31 23:59:59', 'inattivo', '307'),
(575, '9999-12-31 23:59:59', '9999-12-31 23:59:59', 'inattivo', '308'),
(576, '9999-12-31 23:59:59', '9999-12-31 23:59:59', 'inattivo', '309'),
(577, '9999-12-31 23:59:59', '9999-12-31 23:59:59', 'inattivo', '310'),
(578, '9999-12-31 23:59:59', '9999-12-31 23:59:59', 'inattivo', '311'),
(579, '9999-12-31 23:59:59', '9999-12-31 23:59:59', 'inattivo', '313'),
(580, '9999-12-31 23:59:59', '9999-12-31 23:59:59', 'inattivo', '312'),
(581, '9999-12-31 23:59:59', '9999-12-31 23:59:59', 'inattivo', '314'),
(582, '9999-12-31 23:59:59', '9999-12-31 23:59:59', 'inattivo', '316'),
(583, '9999-12-31 23:59:59', '9999-12-31 23:59:59', 'inattivo', '315'),
(584, '9999-12-31 23:59:59', '9999-12-31 23:59:59', 'inattivo', '317'),
(585, '9999-12-31 23:59:59', '9999-12-31 23:59:59', 'inattivo', '318'),
(586, '9999-12-31 23:59:59', '9999-12-31 23:59:59', 'inattivo', '320'),
(587, '9999-12-31 23:59:59', '9999-12-31 23:59:59', 'inattivo', '319'),
(588, '9999-12-31 23:59:59', '9999-12-31 23:59:59', 'inattivo', '321'),
(589, '9999-12-31 23:59:59', '9999-12-31 23:59:59', 'inattivo', '322'),
(590, '9999-12-31 23:59:59', '9999-12-31 23:59:59', 'inattivo', '324'),
(591, '9999-12-31 23:59:59', '9999-12-31 23:59:59', 'inattivo', '323'),
(592, '9999-12-31 23:59:59', '9999-12-31 23:59:59', 'inattivo', '325'),
(593, '9999-12-31 23:59:59', '9999-12-31 23:59:59', 'inattivo', '326'),
(594, '9999-12-31 23:59:59', '9999-12-31 23:59:59', 'inattivo', '327'),
(595, '9999-12-31 23:59:59', '9999-12-31 23:59:59', 'inattivo', '328'),
(596, '9999-12-31 23:59:59', '9999-12-31 23:59:59', 'inattivo', '329'),
(597, '9999-12-31 23:59:59', '9999-12-31 23:59:59', 'inattivo', '330'),
(598, '9999-12-31 23:59:59', '9999-12-31 23:59:59', 'inattivo', '331'),
(599, '9999-12-31 23:59:59', '9999-12-31 23:59:59', 'inattivo', '332'),
(600, '9999-12-31 23:59:59', '9999-12-31 23:59:59', 'inattivo', '333'),
(601, '9999-12-31 23:59:59', '9999-12-31 23:59:59', 'inattivo', '334'),
(602, '9999-12-31 23:59:59', '9999-12-31 23:59:59', 'inattivo', '335'),
(603, '9999-12-31 23:59:59', '9999-12-31 23:59:59', 'inattivo', '336'),
(604, '9999-12-31 23:59:59', '9999-12-31 23:59:59', 'inattivo', '337'),
(605, '9999-12-31 23:59:59', '9999-12-31 23:59:59', 'inattivo', '338'),
(606, '9999-12-31 23:59:59', '9999-12-31 23:59:59', 'inattivo', '339'),
(607, '9999-12-31 23:59:59', '9999-12-31 23:59:59', 'inattivo', '340'),
(608, '9999-12-31 23:59:59', '9999-12-31 23:59:59', 'inattivo', '341'),
(609, '9999-12-31 23:59:59', '9999-12-31 23:59:59', 'inattivo', '342'),
(610, '9999-12-31 23:59:59', '9999-12-31 23:59:59', 'inattivo', '344'),
(611, '9999-12-31 23:59:59', '9999-12-31 23:59:59', 'inattivo', '343'),
(612, '9999-12-31 23:59:59', '9999-12-31 23:59:59', 'inattivo', '345'),
(613, '9999-12-31 23:59:59', '9999-12-31 23:59:59', 'inattivo', '346'),
(614, '9999-12-31 23:59:59', '9999-12-31 23:59:59', 'inattivo', '347'),
(615, '9999-12-31 23:59:59', '9999-12-31 23:59:59', 'inattivo', '348'),
(616, '9999-12-31 23:59:59', '9999-12-31 23:59:59', 'inattivo', '351'),
(617, '9999-12-31 23:59:59', '9999-12-31 23:59:59', 'inattivo', '349'),
(618, '9999-12-31 23:59:59', '9999-12-31 23:59:59', 'inattivo', '350'),
(619, '9999-12-31 23:59:59', '9999-12-31 23:59:59', 'inattivo', '352'),
(620, '9999-12-31 23:59:59', '9999-12-31 23:59:59', 'inattivo', '353'),
(621, '9999-12-31 23:59:59', '9999-12-31 23:59:59', 'inattivo', '354'),
(622, '9999-12-31 23:59:59', '9999-12-31 23:59:59', 'inattivo', '355'),
(623, '9999-12-31 23:59:59', '9999-12-31 23:59:59', 'inattivo', '356'),
(624, '9999-12-31 23:59:59', '9999-12-31 23:59:59', 'inattivo', '357'),
(625, '9999-12-31 23:59:59', '9999-12-31 23:59:59', 'inattivo', '358'),
(626, '9999-12-31 23:59:59', '9999-12-31 23:59:59', 'inattivo', '359'),
(627, '9999-12-31 23:59:59', '9999-12-31 23:59:59', 'inattivo', '361'),
(628, '9999-12-31 23:59:59', '9999-12-31 23:59:59', 'inattivo', '360'),
(629, '9999-12-31 23:59:59', '9999-12-31 23:59:59', 'inattivo', '362'),
(630, '9999-12-31 23:59:59', '9999-12-31 23:59:59', 'inattivo', '363'),
(631, '9999-12-31 23:59:59', '9999-12-31 23:59:59', 'inattivo', '364'),
(632, '9999-12-31 23:59:59', '9999-12-31 23:59:59', 'inattivo', '365'),
(633, '9999-12-31 23:59:59', '9999-12-31 23:59:59', 'inattivo', '368'),
(634, '9999-12-31 23:59:59', '9999-12-31 23:59:59', 'inattivo', '367'),
(635, '9999-12-31 23:59:59', '9999-12-31 23:59:59', 'inattivo', '366'),
(636, '9999-12-31 23:59:59', '9999-12-31 23:59:59', 'inattivo', '369'),
(637, '9999-12-31 23:59:59', '9999-12-31 23:59:59', 'inattivo', '371'),
(638, '9999-12-31 23:59:59', '9999-12-31 23:59:59', 'inattivo', '372'),
(639, '9999-12-31 23:59:59', '9999-12-31 23:59:59', 'inattivo', '370'),
(640, '9999-12-31 23:59:59', '9999-12-31 23:59:59', 'inattivo', '373'),
(641, '9999-12-31 23:59:59', '9999-12-31 23:59:59', 'inattivo', '375'),
(642, '9999-12-31 23:59:59', '9999-12-31 23:59:59', 'inattivo', '374'),
(643, '9999-12-31 23:59:59', '9999-12-31 23:59:59', 'inattivo', '376'),
(644, '9999-12-31 23:59:59', '9999-12-31 23:59:59', 'inattivo', '377'),
(645, '9999-12-31 23:59:59', '9999-12-31 23:59:59', 'inattivo', '378'),
(646, '9999-12-31 23:59:59', '9999-12-31 23:59:59', 'inattivo', '379'),
(647, '9999-12-31 23:59:59', '9999-12-31 23:59:59', 'inattivo', '380'),
(648, '9999-12-31 23:59:59', '9999-12-31 23:59:59', 'inattivo', '7700213211');

-- --------------------------------------------------------

--
-- Struttura della tabella `farming_status`
--

CREATE TABLE `farming_status` (
  `id` int(11) NOT NULL,
  `user_id` varchar(100) NOT NULL,
  `farming_start` datetime NOT NULL,
  `farming_duration` int(11) NOT NULL DEFAULT 86400,
  `claimed` tinyint(1) DEFAULT 0,
  `progress` int(11) DEFAULT 0
) ENGINE=InnoDB DEFAULT CHARSET=utf8mb4;

--
-- Dump dei dati per la tabella `farming_status`
--

INSERT INTO `farming_status` (`id`, `user_id`, `farming_start`, `farming_duration`, `claimed`, `progress`) VALUES
(92, '6096643463', '2025-01-28 14:12:53', 86400, 0, 0),
(93, '278535579', '2025-02-11 20:31:40', 86400, 1, 0);

-- --------------------------------------------------------

--
-- Struttura della tabella `items`
--

CREATE TABLE `items` (
  `item_id` int(11) NOT NULL,
  `img_path` varchar(255) NOT NULL,
  `cost` int(11) NOT NULL,
  `claim_points` int(11) NOT NULL
) ENGINE=InnoDB DEFAULT CHARSET=utf8mb4;

--
-- Dump dei dati per la tabella `items`
--

INSERT INTO `items` (`item_id`, `img_path`, `cost`, `claim_points`) VALUES
(1, 'img/button/alt-button.svg', 0, 50),
(2, 'img/button/ctrl-button.svg', 200, 100),
(3, 'img/button/del-button.svg', 300, 250),
(4, 'img/button/shift-button.svg', 400, 400),
(5, 'img/button/enter-button.svg', 500, 600);

-- --------------------------------------------------------

--
-- Struttura della tabella `levels`
--

CREATE TABLE `levels` (
  `level_id` int(11) NOT NULL,
  `points_required` int(11) NOT NULL,
  `bonus_points` int(11) NOT NULL,
  `text_color` varchar(7) DEFAULT NULL,
  `box_shadow_color` varchar(7) DEFAULT NULL
) ENGINE=InnoDB DEFAULT CHARSET=utf8mb4;

--
-- Dump dei dati per la tabella `levels`
--

INSERT INTO `levels` (`level_id`, `points_required`, `bonus_points`, `text_color`, `box_shadow_color`) VALUES
(1, 10000, 0, NULL, NULL),
(2, 25000, 100, '#FF9BFF', NULL),
(3, 50000, 500, '#FF9BFF', '0px 0px'),
(4, 75000, 1000, '#9B9BFF', NULL),
(5, 100000, 1500, '#9B9BFF', '0px 0px'),
(6, 200000, 3000, '#C3FFCF', NULL),
(7, 300000, 5000, '#C3FFCF', '0px 0px'),
(8, 500000, 7000, '#F1FFC3', NULL),
(9, 1000000, 10000, '#F1FFC3', '0px 0px'),
(10, 2000000, 15000, '#FF8484', '0px 0px');

-- --------------------------------------------------------

--
-- Struttura della tabella `referrals`
--

CREATE TABLE `referrals` (
  `id` int(11) NOT NULL,
  `inviter_id` varchar(100) NOT NULL,
  `invited_id` varchar(100) NOT NULL,
  `created_at` timestamp NOT NULL DEFAULT current_timestamp()
) ENGINE=InnoDB DEFAULT CHARSET=utf8mb4;

--
-- Dump dei dati per la tabella `referrals`
--

INSERT INTO `referrals` (`id`, `inviter_id`, `invited_id`, `created_at`) VALUES
(40, '278535579', '7700213211', '2025-02-15 10:04:42');

-- --------------------------------------------------------

--
-- Struttura della tabella `task`
--

CREATE TABLE `task` (
  `id_task` int(11) NOT NULL,
  `nome_task` varchar(255) NOT NULL,
  `descrizione_task` text NOT NULL,
  `link_esterno` varchar(500) DEFAULT NULL,
  `type` varchar(50) NOT NULL DEFAULT 'activity',
  `claim_point` int(11) NOT NULL DEFAULT 0,
  `required_level` int(11) NOT NULL DEFAULT 1
) ENGINE=InnoDB DEFAULT CHARSET=utf8mb4;

--
-- Dump dei dati per la tabella `task`
--

INSERT INTO `task` (`id_task`, `nome_task`, `descrizione_task`, `link_esterno`, `type`, `claim_point`, `required_level`) VALUES
(1, 'follow instagram', 'follow instagram and claim reward', 'https://www.instagram.com/juventus/?hl=it', 'social', 1000, 1),
(3, 'Watch Adv', 'Watch full adv to earn $CNSL', NULL, 'partner', 50, 1),
(4, 'Reach Level 2', '', NULL, 'game', 500, 2),
(5, 'Reach Level 3', '', NULL, 'game', 1000, 3),
(6, 'Reach Level 4', '', NULL, 'game', 2000, 4),
(7, 'Reach Level 5', '', NULL, 'game', 3000, 5),
(8, 'Reach Level 6', '', NULL, 'game', 5000, 6),
(9, 'Reach Level 7', '', NULL, 'game', 10000, 7),
(10, 'Reach Level 8', '', NULL, 'game', 20000, 8),
(11, 'Reach Level 9', '', NULL, 'game', 30000, 9),
(12, 'Reach Level 10', '', NULL, 'game', 50000, 10),
(13, 'Follow Us on X', '', 'https://x.com/realdonaldtrump?mx=2', 'social', 3000, 1);

-- --------------------------------------------------------

--
-- Struttura della tabella `task_claims`
--

CREATE TABLE `task_claims` (
  `user_id` varchar(100) NOT NULL,
  `task_id` int(11) NOT NULL,
  `claim_date` date NOT NULL,
  `claim_count` int(11) DEFAULT 0
) ENGINE=InnoDB DEFAULT CHARSET=utf8mb4;

-- --------------------------------------------------------

--
-- Struttura della tabella `useritems`
--

CREATE TABLE `useritems` (
  `id` int(11) NOT NULL,
  `item_id` int(11) DEFAULT NULL,
  `purchased` tinyint(1) DEFAULT NULL,
  `user_id` varchar(100) DEFAULT NULL,
  `active` int(11) DEFAULT NULL
) ENGINE=InnoDB DEFAULT CHARSET=utf8mb4;

--
-- Dump dei dati per la tabella `useritems`
--

INSERT INTO `useritems` (`id`, `item_id`, `purchased`, `user_id`, `active`) VALUES
(3, 2, 1, '6096643463', 1),
(4, 2, 1, '278535579', 1),
(65, 1, 1, '2785', 1),
(66, 2, 1, '1', 1),
(67, 2, 1, '4', 1),
(68, 2, 1, '3', 1),
(69, 2, 1, '5', 1),
(70, 2, 1, '7', 1),
(71, 2, 1, '2', 1),
(72, 2, 1, '18', 1),
(73, 2, 1, '8', 1),
(74, 2, 1, '6', 1),
(75, 2, 1, '9', 1),
(76, 2, 1, '22', 1),
(77, 2, 1, '28', 1),
(78, 2, 1, '30', 1),
(79, 2, 1, '23', 1),
(80, 2, 1, '24', 1),
(81, 2, 1, '27', 1),
(82, 2, 1, '38', 1),
(83, 2, 1, '26', 1),
(84, 2, 1, '51', 1),
(85, 2, 1, '25', 1),
(86, 2, 1, '50', 1),
(87, 2, 1, '21', 1),
(88, 2, 1, '46', 1),
(89, 2, 1, '47', 1),
(90, 2, 1, '45', 1),
(91, 2, 1, '49', 1),
(92, 2, 1, '43', 1),
(93, 2, 1, '39', 1),
(94, 2, 1, '29', 1),
(95, 2, 1, '48', 1),
(96, 2, 1, '32', 1),
(97, 2, 1, '31', 1),
(98, 2, 1, '44', 1),
(99, 2, 1, '83', 1),
(100, 2, 1, '20', 1),
(101, 2, 1, '80', 1),
(102, 2, 1, '14', 1),
(103, 2, 1, '19', 1),
(104, 2, 1, '79', 1),
(105, 2, 1, '78', 1),
(106, 2, 1, '11', 1),
(107, 2, 1, '82', 1),
(108, 2, 1, '74', 1),
(109, 2, 1, '15', 1),
(110, 2, 1, '77', 1),
(111, 2, 1, '68', 1),
(112, 2, 1, '56', 1),
(113, 2, 1, '67', 1),
(114, 2, 1, '75', 1),
(115, 2, 1, '62', 1),
(116, 2, 1, '72', 1),
(117, 2, 1, '81', 1),
(118, 2, 1, '76', 1),
(119, 2, 1, '57', 1),
(120, 2, 1, '71', 1),
(121, 2, 1, '41', 1),
(122, 2, 1, '73', 1),
(123, 2, 1, '54', 1),
(124, 2, 1, '70', 1),
(125, 2, 1, '12', 1),
(126, 2, 1, '84', 1),
(127, 2, 1, '33', 1),
(128, 2, 1, '66', 1),
(129, 2, 1, '36', 1),
(130, 2, 1, '87', 1),
(131, 2, 1, '58', 1),
(132, 2, 1, '37', 1),
(133, 2, 1, '35', 1),
(134, 2, 1, '40', 1),
(135, 2, 1, '63', 1),
(136, 2, 1, '53', 1),
(137, 2, 1, '61', 1),
(138, 2, 1, '60', 1),
(139, 2, 1, '65', 1),
(140, 2, 1, '64', 1),
(141, 2, 1, '13', 1),
(142, 2, 1, '59', 1),
(143, 2, 1, '55', 1),
(144, 2, 1, '88', 1),
(145, 2, 1, '42', 1),
(146, 2, 1, '52', 1),
(147, 2, 1, '86', 1),
(148, 2, 1, '69', 1),
(149, 2, 1, '16', 1),
(150, 2, 1, '85', 1),
(151, 2, 1, '92', 1),
(152, 2, 1, '96', 1),
(153, 2, 1, '93', 1),
(154, 2, 1, '34', 1),
(155, 2, 1, '91', 1),
(156, 2, 1, '94', 1),
(157, 2, 1, '89', 1),
(158, 2, 1, '90', 1),
(159, 2, 1, '95', 1),
(160, 2, 1, '17', 1),
(161, 2, 1, '97', 1),
(162, 2, 1, '98', 1),
(163, 2, 1, '99', 1),
(164, 2, 1, '100', 1),
(165, 2, 1, '10', 1),
(166, 2, 1, '101', 1),
(167, 2, 1, '102', 1),
(168, 2, 1, '103', 1),
(169, 2, 1, '104', 1),
(170, 2, 1, '105', 1),
(171, 2, 1, '106', 1),
(172, 2, 1, '107', 1),
(173, 2, 1, '108', 1),
(174, 2, 1, '112', 1),
(175, 2, 1, '109', 1),
(176, 2, 1, '113', 1),
(177, 2, 1, '110', 1),
(178, 2, 1, '111', 1),
(179, 2, 1, '114', 1),
(180, 2, 1, '115', 1),
(181, 2, 1, '117', 1),
(182, 2, 1, '118', 1),
(183, 2, 1, '116', 1),
(184, 2, 1, '119', 1),
(185, 2, 1, '120', 1),
(186, 2, 1, '121', 1),
(187, 2, 1, '122', 1),
(188, 2, 1, '124', 1),
(189, 2, 1, '123', 1),
(190, 2, 1, '125', 1),
(191, 2, 1, '127', 1),
(192, 2, 1, '128', 1),
(193, 2, 1, '126', 1),
(194, 2, 1, '131', 1),
(195, 2, 1, '132', 1),
(196, 2, 1, '133', 1),
(197, 2, 1, '134', 1),
(198, 2, 1, '130', 1),
(199, 2, 1, '129', 1),
(200, 2, 1, '136', 1),
(201, 2, 1, '139', 1),
(202, 2, 1, '138', 1),
(203, 2, 1, '137', 1),
(204, 2, 1, '135', 1),
(205, 2, 1, '140', 1),
(206, 2, 1, '141', 1),
(207, 2, 1, '142', 1),
(208, 2, 1, '143', 1),
(209, 2, 1, '144', 1),
(210, 2, 1, '145', 1),
(211, 2, 1, '146', 1),
(212, 2, 1, '147', 1),
(213, 2, 1, '149', 1),
(214, 2, 1, '148', 1),
(215, 2, 1, '150', 1),
(216, 2, 1, '152', 1),
(217, 2, 1, '151', 1),
(218, 2, 1, '153', 1),
(219, 2, 1, '154', 1),
(220, 2, 1, '156', 1),
(221, 2, 1, '155', 1),
(222, 2, 1, '157', 1),
(223, 2, 1, '158', 1),
(224, 2, 1, '160', 1),
(225, 2, 1, '161', 1),
(226, 2, 1, '159', 1),
(227, 2, 1, '163', 1),
(228, 2, 1, '162', 1),
(229, 2, 1, '164', 1),
(230, 2, 1, '165', 1),
(231, 2, 1, '167', 1),
(232, 2, 1, '166', 1),
(233, 2, 1, '168', 1),
(234, 2, 1, '169', 1),
(235, 2, 1, '170', 1),
(236, 2, 1, '171', 1),
(237, 2, 1, '172', 1),
(238, 2, 1, '173', 1),
(239, 2, 1, '176', 1),
(240, 2, 1, '175', 1),
(241, 2, 1, '174', 1),
(242, 2, 1, '177', 1),
(243, 2, 1, '178', 1),
(244, 2, 1, '179', 1),
(245, 2, 1, '180', 1),
(246, 2, 1, '181', 1),
(247, 2, 1, '182', 1),
(248, 2, 1, '183', 1),
(249, 2, 1, '184', 1),
(250, 2, 1, '186', 1),
(251, 2, 1, '185', 1),
(252, 2, 1, '187', 1),
(253, 2, 1, '188', 1),
(254, 2, 1, '189', 1),
(255, 2, 1, '190', 1),
(256, 2, 1, '191', 1),
(257, 2, 1, '193', 1),
(258, 2, 1, '194', 1),
(259, 2, 1, '192', 1),
(260, 2, 1, '195', 1),
(261, 2, 1, '196', 1),
(262, 2, 1, '197', 1),
(263, 2, 1, '198', 1),
(264, 2, 1, '199', 1),
(265, 2, 1, '200', 1),
(266, 2, 1, '201', 1),
(267, 2, 1, '202', 1),
(268, 2, 1, '203', 1),
(269, 2, 1, '204', 1),
(270, 2, 1, '205', 1),
(271, 2, 1, '206', 1),
(272, 2, 1, '207', 1),
(273, 2, 1, '208', 1),
(274, 2, 1, '209', 1),
(275, 2, 1, '210', 1),
(276, 2, 1, '211', 1),
(277, 2, 1, '212', 1),
(278, 2, 1, '213', 1),
(279, 2, 1, '214', 1),
(280, 2, 1, '215', 1),
(281, 2, 1, '216', 1),
(282, 2, 1, '218', 1),
(283, 2, 1, '217', 1),
(284, 2, 1, '219', 1),
(285, 2, 1, '220', 1),
(286, 2, 1, '221', 1),
(287, 2, 1, '222', 1),
(288, 2, 1, '223', 1),
(289, 2, 1, '224', 1),
(290, 2, 1, '225', 1),
(291, 2, 1, '226', 1),
(292, 2, 1, '228', 1),
(293, 2, 1, '227', 1),
(294, 2, 1, '229', 1),
(295, 2, 1, '230', 1),
(296, 2, 1, '231', 1),
(297, 2, 1, '232', 1),
(298, 2, 1, '234', 1),
(299, 2, 1, '233', 1),
(300, 2, 1, '235', 1),
(301, 2, 1, '236', 1),
(302, 2, 1, '237', 1),
(303, 2, 1, '238', 1),
(304, 2, 1, '239', 1),
(305, 2, 1, '240', 1),
(306, 2, 1, '241', 1),
(307, 2, 1, '243', 1),
(308, 2, 1, '244', 1),
(309, 2, 1, '242', 1),
(310, 2, 1, '245', 1),
(311, 2, 1, '246', 1),
(312, 2, 1, '247', 1),
(313, 2, 1, '249', 1),
(314, 2, 1, '250', 1),
(315, 2, 1, '248', 1),
(316, 2, 1, '251', 1),
(317, 2, 1, '252', 1),
(318, 2, 1, '254', 1),
(319, 2, 1, '253', 1),
(320, 2, 1, '255', 1),
(321, 2, 1, '256', 1),
(322, 2, 1, '257', 1),
(323, 2, 1, '261', 1),
(324, 2, 1, '258', 1),
(325, 2, 1, '259', 1),
(326, 2, 1, '260', 1),
(327, 2, 1, '262', 1),
(328, 2, 1, '263', 1),
(329, 2, 1, '264', 1),
(330, 2, 1, '265', 1),
(331, 2, 1, '266', 1),
(332, 2, 1, '267', 1),
(333, 2, 1, '268', 1),
(334, 2, 1, '269', 1),
(335, 2, 1, '270', 1),
(336, 2, 1, '272', 1),
(337, 2, 1, '274', 1),
(338, 2, 1, '275', 1),
(339, 2, 1, '273', 1),
(340, 2, 1, '271', 1),
(341, 2, 1, '276', 1),
(342, 2, 1, '277', 1),
(343, 2, 1, '278', 1),
(344, 2, 1, '280', 1),
(345, 2, 1, '279', 1),
(346, 2, 1, '282', 1),
(347, 2, 1, '281', 1),
(348, 2, 1, '283', 1),
(349, 1, 1, '284', 1),
(350, 1, 1, '285', 1),
(351, 1, 1, '286', 1),
(352, 1, 1, '287', 1),
(353, 1, 1, '288', 1),
(354, 1, 1, '289', 1),
(355, 1, 1, '290', 1),
(356, 1, 1, '291', 1),
(357, 1, 1, '292', 1),
(358, 1, 1, '293', 1),
(359, 1, 1, '294', 1),
(360, 1, 1, '295', 1),
(361, 1, 1, '296', 1),
(362, 1, 1, '297', 1),
(363, 1, 1, '298', 1),
(364, 1, 1, '299', 1),
(365, 1, 1, '300', 1),
(366, 1, 1, '301', 1),
(367, 1, 1, '302', 1),
(368, 1, 1, '303', 1),
(369, 1, 1, '304', 1),
(370, 1, 1, '305', 1),
(371, 1, 1, '306', 1),
(372, 1, 1, '307', 1),
(373, 1, 1, '308', 1),
(374, 1, 1, '309', 1),
(375, 1, 1, '310', 1),
(376, 1, 1, '311', 1),
(377, 1, 1, '313', 1),
(378, 1, 1, '312', 1),
(379, 1, 1, '314', 1),
(380, 1, 1, '316', 1),
(381, 1, 1, '315', 1),
(382, 1, 1, '317', 1),
(383, 1, 1, '318', 1),
(384, 1, 1, '319', 1),
(385, 1, 1, '320', 1),
(386, 1, 1, '321', 1),
(387, 1, 1, '322', 1),
(388, 1, 1, '323', 1),
(389, 1, 1, '324', 1),
(390, 1, 1, '325', 1),
(391, 1, 1, '326', 1),
(392, 1, 1, '327', 1),
(393, 1, 1, '328', 1),
(394, 1, 1, '329', 1),
(395, 1, 1, '330', 1),
(396, 1, 1, '331', 1),
(397, 1, 1, '332', 1),
(398, 1, 1, '333', 1),
(399, 1, 1, '334', 1),
(400, 1, 1, '335', 1),
(401, 1, 1, '336', 1),
(402, 1, 1, '337', 1),
(403, 1, 1, '338', 1),
(404, 1, 1, '339', 1),
(405, 1, 1, '340', 1),
(406, 1, 1, '341', 1),
(407, 1, 1, '342', 1),
(408, 1, 1, '343', 1),
(409, 1, 1, '344', 1),
(410, 1, 1, '345', 1),
(411, 1, 1, '346', 1),
(412, 1, 1, '347', 1),
(413, 1, 1, '348', 1),
(414, 1, 1, '351', 1),
(415, 1, 1, '349', 1),
(416, 1, 1, '350', 1),
(417, 1, 1, '352', 1),
(418, 1, 1, '353', 1),
(419, 1, 1, '354', 1),
(420, 1, 1, '355', 1),
(421, 1, 1, '356', 1),
(422, 1, 1, '357', 1),
(423, 1, 1, '358', 1),
(424, 1, 1, '359', 1),
(425, 1, 1, '361', 1),
(426, 1, 1, '360', 1),
(427, 1, 1, '362', 1),
(428, 1, 1, '363', 1),
(429, 1, 1, '364', 1),
(430, 1, 1, '365', 1),
(431, 1, 1, '368', 1),
(432, 1, 1, '367', 1),
(433, 1, 1, '366', 1),
(434, 1, 1, '369', 1),
(435, 1, 1, '371', 1),
(436, 1, 1, '372', 1),
(437, 1, 1, '370', 1),
(438, 1, 1, '373', 1),
(439, 1, 1, '375', 1),
(440, 1, 1, '374', 1),
(441, 1, 1, '376', 1),
(442, 1, 1, '377', 1),
(443, 1, 1, '378', 1),
(444, 1, 1, '379', 1),
(445, 1, 1, '380', 1),
(446, 1, 1, '7700213211', 1);

-- --------------------------------------------------------

--
-- Struttura della tabella `users`
--

CREATE TABLE `users` (
  `user_id` varchar(100) NOT NULL,
  `balance` int(11) DEFAULT 10000,
  `user_level` int(11) DEFAULT 1,
  `next_level_points` int(11) DEFAULT 10000,
  `ppd_value` int(11) DEFAULT 0,
  `ref_code` varchar(100) DEFAULT NULL,
  `referred_by` varchar(100) DEFAULT NULL
) ENGINE=InnoDB DEFAULT CHARSET=utf8mb4;

--
-- Dump dei dati per la tabella `users`
--

INSERT INTO `users` (`user_id`, `balance`, `user_level`, `next_level_points`, `ppd_value`, `ref_code`, `referred_by`) VALUES
('1', 104500, 1, 10000, 0, '6o4bFMBe', NULL),
('10', 9500, 1, 10000, 0, 'lzSIgjWE', NULL),
('100', 9500, 1, 10000, 0, 'xWCyEfzj', NULL),
('101', 9500, 1, 10000, 0, 'FJN0v5eK', NULL),
('102', 9500, 1, 10000, 0, 'sJpLIOKv', NULL),
('103', 9500, 1, 10000, 0, '5N6Y8kGG', NULL),
('104', 9500, 1, 10000, 0, 'lb7Yhp3X', NULL),
('105', 9500, 1, 10000, 0, 'VlMChLKT', NULL),
('106', 9500, 1, 10000, 0, 'Hfmryn94', NULL),
('107', 9500, 1, 10000, 0, '9yL4IqQ1', NULL),
('108', 9500, 1, 10000, 0, 'k53XpKyy', NULL),
('109', 9500, 1, 10000, 0, 'OSjmMV1f', NULL),
('11', 9500, 1, 10000, 0, 'oeNFqc0g', NULL),
('110', 9500, 1, 10000, 0, 'tRJ6PRlr', NULL),
('111', 9500, 1, 10000, 0, 'cWmNjgDP', NULL),
('112', 9500, 1, 10000, 0, 'IeImgWyR', NULL),
('113', 9500, 1, 10000, 0, 'mQL8Qdha', NULL),
('114', 9500, 1, 10000, 0, 'hy6o30ZM', NULL),
('115', 9500, 1, 10000, 0, '8YL5mxeZ', NULL),
('116', 9500, 1, 10000, 0, 'pHWyD917', NULL),
('117', 9500, 1, 10000, 0, 'wdJNw2Sd', NULL),
('118', 9500, 1, 10000, 0, '7bEndoFV', NULL),
('119', 9500, 1, 10000, 0, 'dWQFZFqZ', NULL),
('12', 9500, 1, 10000, 0, 'vSAt72Q4', NULL),
('120', 9500, 1, 10000, 0, 'TXP8AlRv', NULL),
('121', 9500, 1, 10000, 0, 'qgREKYHj', NULL),
('122', 9500, 1, 10000, 0, 'IZZviAqQ', NULL),
('123', 9500, 1, 10000, 0, 'i9yza8S8', NULL),
('124', 9500, 1, 10000, 0, 'vyGfRMTd', NULL),
('125', 9500, 1, 10000, 0, 'AQngVnDN', NULL),
('126', 9500, 1, 10000, 0, 'YFkSvRGN', NULL),
('127', 9500, 1, 10000, 0, 'jhCoS5D6', NULL),
('128', 9500, 1, 10000, 0, 'Bxu32sUv', NULL),
('129', 9500, 1, 10000, 0, 'gDQ9sbtr', NULL),
('13', 9500, 1, 10000, 0, 'bd0muTYB', NULL),
('130', 9500, 1, 10000, 0, 'rl5YL9Bz', NULL),
('131', 9500, 1, 10000, 0, 'wYPUt1aY', NULL),
('132', 9500, 1, 10000, 0, 'VFh2wzLa', NULL),
('133', 9500, 1, 10000, 0, '6HbwYDC3', NULL),
('134', 9500, 1, 10000, 0, 'Q4WWK08E', NULL),
('135', 9500, 1, 10000, 0, '8Wdnzd64', NULL),
('136', 9500, 1, 10000, 0, 'I0S5zoUV', NULL),
('137', 9500, 1, 10000, 0, 'AmRZjbYa', NULL),
('138', 9500, 1, 10000, 0, 'Ajk2Z0zj', NULL),
('139', 9500, 1, 10000, 0, '5EN7eL4p', NULL),
('14', 9500, 1, 10000, 0, 'M8U0tiHD', NULL),
('140', 9500, 1, 10000, 0, 'TCcICsA3', NULL),
('141', 9500, 1, 10000, 0, '9c0qvg8k', NULL),
('142', 9500, 1, 10000, 0, 'LX6qljWI', NULL),
('143', 9500, 1, 10000, 0, 'sRNbqRXV', NULL),
('144', 9500, 1, 10000, 0, 'wbUkQ3WG', NULL),
('145', 9500, 1, 10000, 0, '0CLWmUrA', NULL),
('146', 9500, 1, 10000, 0, 'aoixkBP8', NULL),
('147', 9500, 1, 10000, 0, 'YJmjJ2u5', NULL),
('148', 9500, 1, 10000, 0, 'RkIv4W8q', NULL),
('149', 9500, 1, 10000, 0, 'uFuDQwE9', NULL),
('15', 9500, 1, 10000, 0, '1BR9pPkA', NULL),
('150', 9500, 1, 10000, 0, '2hghUWQ6', NULL),
('151', 9500, 1, 10000, 0, 'aaAAUABU', NULL),
('152', 9500, 1, 10000, 0, 'dvdMOkPp', NULL),
('153', 9500, 1, 10000, 0, 'tst8b6S5', NULL),
('154', 9500, 1, 10000, 0, 'Xojh9MMv', NULL),
('155', 9500, 1, 10000, 0, 'SUermLOf', NULL),
('156', 9500, 1, 10000, 0, 'Tkh45PWk', NULL),
('157', 9500, 1, 10000, 0, 'B6O47zkq', NULL),
('158', 9500, 1, 10000, 0, '6oQVfno3', NULL),
('159', 9500, 1, 10000, 0, 'S63iiIBi', NULL),
('16', 9500, 1, 10000, 0, 'OSNDLp2L', NULL),
('160', 9500, 1, 10000, 0, '7BIMhSCT', NULL),
('161', 9500, 1, 10000, 0, 'lPb53txA', NULL),
('162', 9500, 1, 10000, 0, 'cG0Meg9t', NULL),
('163', 9500, 1, 10000, 0, '3cabTSTG', NULL),
('164', 9500, 1, 10000, 0, 'Pl4gGjFQ', NULL),
('165', 9500, 1, 10000, 0, 'SzK2KFCf', NULL),
('166', 9500, 1, 10000, 0, '1e8RBEKE', NULL),
('167', 9500, 1, 10000, 0, 'ldjlvSF6', NULL),
('168', 9500, 1, 10000, 0, 'dMZQTp5g', NULL),
('169', 9500, 1, 10000, 0, 'l9Lzz3gT', NULL),
('17', 9500, 1, 10000, 0, 'a89CUi16', NULL),
('170', 9500, 1, 10000, 0, 'qW6bdhIF', NULL),
('171', 9500, 1, 10000, 0, 'XmY32jZY', NULL),
('172', 9500, 1, 10000, 0, 'dToE5hWV', NULL),
('173', 9500, 1, 10000, 0, 'jvz0ZT5Y', NULL),
('174', 9500, 1, 10000, 0, 'c5vzU5GV', NULL),
('175', 9500, 1, 10000, 0, '29xxIGU9', NULL),
('176', 9500, 1, 10000, 0, '89oXVVWb', NULL),
('177', 9500, 1, 10000, 0, 'GmjTyz40', NULL),
('178', 9500, 1, 10000, 0, 'AF1xKS4z', NULL),
('179', 9500, 1, 10000, 0, 'fxAXOzsa', NULL),
('18', 9500, 1, 10000, 0, '5TnqCsRL', NULL),
('180', 9500, 1, 10000, 0, 'M7Jt7YwY', NULL),
('181', 9500, 1, 10000, 0, '0gIvJehB', NULL),
('182', 9500, 1, 10000, 0, '0jrVXl4k', NULL),
('183', 9500, 1, 10000, 0, 'vDmF62h6', NULL),
('184', 9500, 1, 10000, 0, 'jVPB9Mdr', NULL),
('185', 9500, 1, 10000, 0, 'I9FKxHbP', NULL),
('186', 9500, 1, 10000, 0, 'KexEwKSG', NULL),
('187', 9500, 1, 10000, 0, 'ycWxhSWQ', NULL),
('188', 9500, 1, 10000, 0, 'VUTj8eNV', NULL),
('189', 9500, 1, 10000, 0, '8Q3tbfso', NULL),
('19', 9500, 1, 10000, 0, '3xvMVT5R', NULL),
('190', 9500, 1, 10000, 0, 'X7kjuNPQ', NULL),
('191', 9500, 1, 10000, 0, 'DylxW7Sh', NULL),
('192', 9500, 1, 10000, 0, 'TcxJumSA', NULL),
('193', 9500, 1, 10000, 0, 'qhaWfFxy', NULL),
('194', 9500, 1, 10000, 0, 'C0jQxzA6', NULL),
('195', 9500, 1, 10000, 0, '4BLgmgCJ', NULL),
('196', 9500, 1, 10000, 0, '8pQRojii', NULL),
('197', 9500, 1, 10000, 0, 'pRww2a8I', NULL),
('198', 9500, 1, 10000, 0, 'w7UvBstb', NULL),
('199', 9500, 1, 10000, 0, 'd4wJArkj', NULL),
('2', 9500, 1, 10000, 0, '69LxhAtk', NULL),
('20', 9500, 1, 10000, 0, 'FY8wPE76', NULL),
('200', 9500, 1, 10000, 0, 'Yu4R8LlX', NULL),
('201', 9500, 1, 10000, 0, 'IJIlbgMe', NULL),
('202', 9500, 1, 10000, 0, '4G28khDp', NULL),
('203', 9500, 1, 10000, 0, 'nLbLqgSg', NULL),
('204', 9500, 1, 10000, 0, 'V6Sco1J7', NULL),
('205', 9500, 1, 10000, 0, 'dMD3HHRu', NULL),
('206', 9500, 1, 10000, 0, 'jewPRlH1', NULL),
('207', 9500, 1, 10000, 0, 'q8tC6IRJ', NULL),
('208', 9500, 1, 10000, 0, 'ec2QXVFQ', NULL),
('209', 9500, 1, 10000, 0, 'XNi5cJUn', NULL),
('21', 9500, 1, 10000, 0, 'KB3sjegE', NULL),
('210', 9500, 1, 10000, 0, 'ZpFqBso7', NULL),
('211', 9500, 1, 10000, 0, '6UY88A3X', NULL),
('212', 9500, 1, 10000, 0, 'UfRPMT7z', NULL),
('213', 9500, 1, 10000, 0, '6mRaaUZK', NULL),
('214', 9500, 1, 10000, 0, 'R1gWnDA1', NULL),
('215', 9500, 1, 10000, 0, '25lBmuyv', NULL),
('216', 9500, 1, 10000, 0, 'hEn3785I', NULL),
('217', 9500, 1, 10000, 0, 'K6NC7X4R', NULL),
('218', 9500, 1, 10000, 0, 'tXX5SWvu', NULL),
('219', 9500, 1, 10000, 0, 'QviqOEDb', NULL),
('22', 9500, 1, 10000, 0, 'il7GHpzn', NULL),
('220', 9500, 1, 10000, 0, 'z2v1jJCi', NULL),
('221', 9500, 1, 10000, 0, 'XGUR58d3', NULL),
('222', 9500, 1, 10000, 0, 'RyoNsy0l', NULL),
('223', 9500, 1, 10000, 0, 'WokDUMlF', NULL),
('224', 9500, 1, 10000, 0, 'tztkcPRZ', NULL),
('225', 9500, 1, 10000, 0, '6DDAIJG6', NULL),
('226', 9500, 1, 10000, 0, 'VdiIxvqA', NULL),
('227', 9500, 1, 10000, 0, 'svD3IvTD', NULL),
('228', 9500, 1, 10000, 0, 'tLawt5ZM', NULL),
('229', 9500, 1, 10000, 0, 'JHPRTcLs', NULL),
('23', 9500, 1, 10000, 0, 'm5YQSHUO', NULL),
('230', 9500, 1, 10000, 0, '3F3qhEIY', NULL),
('231', 9500, 1, 10000, 0, 'oCBLgvIV', NULL),
('232', 9500, 1, 10000, 0, 'CKCijfXh', NULL),
('233', 9500, 1, 10000, 0, 'OCeUqWvK', NULL),
('234', 9500, 1, 10000, 0, 'M1linbE5', NULL),
('235', 9500, 1, 10000, 0, 'KCWfUajR', NULL),
('236', 9500, 1, 10000, 0, 'KNicwnRw', NULL),
('237', 9500, 1, 10000, 0, 'tsMvuxwG', NULL),
('238', 9500, 1, 10000, 0, 'i0ts4u2o', NULL),
('239', 9500, 1, 10000, 0, 'OuyAcI6z', NULL),
('24', 9500, 1, 10000, 0, '5YRRmVh7', NULL),
('240', 9500, 1, 10000, 0, '3sFK5mFX', NULL),
('241', 9500, 1, 10000, 0, 'hlYAVxXl', NULL),
('242', 9500, 1, 10000, 0, 'H4jgTj8J', NULL),
('243', 9500, 1, 10000, 0, '5Bcy84WA', NULL),
('244', 9500, 1, 10000, 0, 'qG3lUYji', NULL),
('245', 9500, 1, 10000, 0, 'RP6AuHmn', NULL),
('246', 9500, 1, 10000, 0, 'xSKAdasV', NULL),
('247', 9500, 1, 10000, 0, 'ijawDWsk', NULL),
('248', 9500, 1, 10000, 0, '7WRCHToc', NULL),
('249', 9500, 1, 10000, 0, 'dKPZrhPU', NULL),
('25', 9500, 1, 10000, 0, 'G2dh6svH', NULL),
('250', 9500, 1, 10000, 0, '3SwZNbNU', NULL),
('251', 9500, 1, 10000, 0, 'qYYiHz05', NULL),
('252', 9500, 1, 10000, 0, 'KU4uUebJ', NULL),
('253', 9500, 1, 10000, 0, 'Mb35C0uI', NULL),
('254', 9500, 1, 10000, 0, 'gguRmiuU', NULL),
('255', 9500, 1, 10000, 0, 'w9Luct95', NULL),
('256', 9500, 1, 10000, 0, 'xnPBXapY', NULL),
('257', 9500, 1, 10000, 0, 'ulpesptj', NULL),
('258', 9500, 1, 10000, 0, 'wiwHVuyh', NULL),
('259', 9500, 1, 10000, 0, 'UYOJGwH4', NULL),
('26', 9500, 1, 10000, 0, 'mY7P4Hzd', NULL),
('260', 9500, 1, 10000, 0, 'XgaBz3he', NULL),
('261', 9500, 1, 10000, 0, '8Tq9Kn3g', NULL),
('262', 9500, 1, 10000, 0, 'FP2zry6L', NULL),
('263', 9500, 1, 10000, 0, 'hstKQ67c', NULL),
('264', 9500, 1, 10000, 0, 'bYHGL9Es', NULL),
('265', 9500, 1, 10000, 0, 'NkhufSJB', NULL),
('266', 9500, 1, 10000, 0, 'Ba2M0oDQ', NULL),
('267', 9500, 1, 10000, 0, 'ET2agjLz', NULL),
('268', 9500, 1, 10000, 0, 'zQx74TFw', NULL),
('269', 9500, 1, 10000, 0, 'n02lWS1V', NULL),
('27', 9500, 1, 10000, 0, 'zRwjMji1', NULL),
('270', 9500, 1, 10000, 0, 'OxdhtNzR', NULL),
('271', 9500, 1, 10000, 0, 'Hor4Bv0m', NULL),
('272', 9500, 1, 10000, 0, 'lhH2bMlZ', NULL),
('273', 9500, 1, 10000, 0, '75jk8PPX', NULL),
('274', 9500, 1, 10000, 0, 'jBn1BQiU', NULL),
('275', 9500, 1, 10000, 0, 'Sw72Ht1w', NULL),
('276', 9500, 1, 10000, 0, 'H4fQmr1T', NULL),
('277', 9500, 1, 10000, 0, 'rULe3JLY', NULL),
('278', 9500, 1, 10000, 0, 'zOLhsEsC', NULL),
('2785', 0, 1, 10000, 0, NULL, NULL),
('278535579', 42150, 3, 50000, 12235, 'Mjc4NTM1', NULL),
('279', 9500, 1, 10000, 0, 'tqG1tvTx', NULL),
('28', 9500, 1, 10000, 0, 'YiK7JOb3', NULL),
('280', 9500, 1, 10000, 0, 'nUpqg8DE', NULL),
('281', 9500, 1, 10000, 0, 'Doh8lvPj', NULL),
('282', 9500, 1, 10000, 0, 'GtYZqgdz', NULL),
('283', 9500, 1, 10000, 0, 'eRj5SFgk', NULL),
('284', 10000, 1, 10000, 0, '1BYWMK2z', NULL),
('285', 10000, 1, 10000, 0, 'i9OdkAu2', NULL),
('286', 10000, 1, 10000, 0, 'HxEiGhy0', NULL),
('287', 10000, 1, 10000, 0, '8hSC7kog', NULL),
('288', 10000, 1, 10000, 0, 'J9Do9Kza', NULL),
('289', 10000, 1, 10000, 0, 'L7s8t5Sg', NULL),
('29', 9500, 1, 10000, 0, 'lP0idgn7', NULL),
('290', 10000, 1, 10000, 0, 'pesOHcVf', NULL),
('291', 10000, 1, 10000, 0, 'aVxjkbWo', NULL),
('292', 10000, 1, 10000, 0, 'IQgnPvA3', NULL),
('293', 10000, 1, 10000, 0, 'WF8lXh13', NULL),
('294', 10000, 1, 10000, 0, 'hvI0QbjD', NULL),
('295', 10000, 1, 10000, 0, '7Fjgu4SA', NULL),
('296', 10000, 1, 10000, 0, 'kPb1lF6q', NULL),
('297', 10000, 1, 10000, 0, '7Rku4xzY', NULL),
('298', 10000, 1, 10000, 0, 'mOtmfwu3', NULL),
('299', 10000, 1, 10000, 0, 'TWy9uSnx', NULL),
('3', 9500, 1, 10000, 0, 'w1yd7eax', NULL),
('30', 9500, 1, 10000, 0, 'YR0XqZeQ', NULL),
('300', 10000, 1, 10000, 0, 'P1bNAu86', NULL),
('301', 10000, 1, 10000, 0, 'THUWxN68', NULL),
('302', 10000, 1, 10000, 0, 'x8zuVY8r', NULL),
('303', 10000, 1, 10000, 0, 'zGPIodxY', NULL),
('304', 10000, 1, 10000, 0, '7gpcbm0C', NULL),
('305', 10000, 1, 10000, 0, 'OXVU9Q33', NULL),
('306', 0, 1, 10000, 0, 'NL3pabxr', NULL),
('307', 0, 1, 10000, 0, 'dCCbnmep', NULL),
('308', 0, 1, 10000, 0, 'Bf3PZ4Fy', NULL),
('309', 0, 1, 10000, 0, 'ipurNfAV', NULL),
('31', 9500, 1, 10000, 0, 'TClyiL7M', NULL),
('310', 0, 1, 10000, 0, 'xxu2kpvB', NULL),
('311', 0, 1, 10000, 0, '2glN6MV7', NULL),
('312', 0, 1, 10000, 0, 'UjpEipo9', NULL),
('313', 0, 1, 10000, 0, 'v55uSqGE', NULL),
('314', 0, 1, 10000, 0, 'ImP8Ot8n', NULL),
('315', 0, 1, 10000, 0, '2O72YHl8', NULL),
('316', 0, 1, 10000, 0, 'UceESauc', NULL),
('317', 0, 1, 10000, 0, 'F018MKWU', NULL),
('318', 0, 1, 10000, 0, 'siyr1Vy2', NULL),
('319', 0, 1, 10000, 0, 'VkOudGQP', NULL),
('32', 9500, 1, 10000, 0, 'sH3RrRkJ', NULL),
('320', 0, 1, 10000, 0, 'NqCn9Aoh', NULL),
('321', 0, 1, 10000, 0, 'kKd3ENgx', NULL),
('322', 0, 1, 10000, 0, 'h0v1A38v', NULL),
('323', 0, 1, 10000, 0, 'wcB35vaI', NULL),
('324', 0, 1, 10000, 0, 'vsiuMf0X', NULL),
('325', 0, 1, 10000, 0, 'X5Nrxi6r', NULL),
('326', 0, 1, 10000, 0, 'A2R8wQbM', NULL),
('327', 0, 1, 10000, 0, 'UircF9nb', NULL),
('328', 0, 1, 10000, 0, 'rUbZ6uFq', NULL),
('329', 0, 1, 10000, 0, 'thgeZvUm', NULL),
('33', 9500, 1, 10000, 0, 'vDB7NXNw', NULL),
('330', 0, 1, 10000, 0, 'TSxz9MuN', NULL),
('331', 0, 1, 10000, 0, 'enWQ3mUE', NULL),
('332', 0, 1, 10000, 0, 'ylf4N4Ud', NULL),
('333', 0, 1, 10000, 0, 'fJoEENvo', NULL),
('334', 0, 1, 10000, 0, '96eCJQTY', NULL),
('335', 0, 1, 10000, 0, 'oL3XmKCk', NULL),
('336', 0, 1, 10000, 0, 'lqODXGEb', NULL),
('337', 0, 1, 10000, 0, 'tOfuSxuL', NULL),
('338', 0, 1, 10000, 0, NULL, NULL),
('339', 0, 1, 10000, 0, NULL, NULL),
('34', 9500, 1, 10000, 0, 'kZzONozJ', NULL),
('340', 0, 1, 10000, 0, NULL, NULL),
('341', 0, 1, 10000, 0, NULL, NULL),
('342', 0, 1, 10000, 0, NULL, NULL),
('343', 0, 1, 10000, 0, NULL, NULL),
('344', 0, 1, 10000, 0, NULL, NULL),
('345', 0, 1, 10000, 0, NULL, NULL),
('346', 0, 1, 10000, 0, NULL, NULL),
('347', 0, 1, 10000, 0, NULL, NULL),
('348', 0, 1, 10000, 0, NULL, NULL),
('349', 0, 1, 10000, 0, NULL, NULL),
('35', 9500, 1, 10000, 0, 'JFDX6rtq', NULL),
('350', 0, 1, 10000, 0, NULL, NULL),
('351', 0, 1, 10000, 0, NULL, NULL),
('352', 0, 1, 10000, 0, NULL, NULL),
('353', 0, 1, 10000, 0, NULL, NULL),
('354', 0, 1, 10000, 0, NULL, NULL),
('355', 0, 1, 10000, 0, NULL, NULL),
('356', 0, 1, 10000, 0, NULL, NULL),
('357', 0, 1, 10000, 0, NULL, NULL),
('358', 0, 1, 10000, 0, NULL, NULL),
('359', 0, 1, 10000, 0, NULL, NULL),
('36', 9500, 1, 10000, 0, '8qgZFuxZ', NULL),
('360', 0, 1, 10000, 0, NULL, NULL),
('361', 0, 1, 10000, 0, NULL, NULL),
('362', 0, 1, 10000, 0, NULL, NULL),
('363', 0, 1, 10000, 0, NULL, NULL),
('364', 0, 1, 10000, 0, NULL, NULL),
('365', 0, 1, 10000, 0, NULL, NULL),
('366', 0, 1, 10000, 0, NULL, NULL),
('367', 0, 1, 10000, 0, NULL, NULL),
('368', 0, 1, 10000, 0, NULL, NULL),
('369', 0, 1, 10000, 0, NULL, NULL),
('37', 9500, 1, 10000, 0, 'NVaoBYzm', NULL),
('370', 0, 1, 10000, 0, NULL, NULL),
('371', 0, 1, 10000, 0, NULL, NULL),
('372', 0, 1, 10000, 0, NULL, NULL),
('373', 0, 1, 10000, 0, NULL, NULL),
('374', 0, 1, 10000, 0, NULL, NULL),
('375', 0, 1, 10000, 0, NULL, NULL),
('376', 0, 1, 10000, 0, NULL, NULL),
('377', 0, 1, 10000, 0, NULL, NULL),
('378', 0, 1, 10000, 0, NULL, NULL),
('379', 0, 1, 10000, 0, NULL, NULL),
('38', 9500, 1, 10000, 0, '420axEuG', NULL),
('380', 0, 1, 10000, 0, NULL, NULL),
('39', 9500, 1, 10000, 0, '2HbufLDz', NULL),
('4', 9500, 1, 10000, 0, 'wrAtYdmN', NULL),
('40', 9500, 1, 10000, 0, '5ss6G4wm', NULL),
('41', 9500, 1, 10000, 0, 'BOSxMqjB', NULL),
('42', 9500, 1, 10000, 0, 'o812hoUL', NULL),
('43', 9500, 1, 10000, 0, 'eejK1ic2', NULL),
('44', 9500, 1, 10000, 0, 'HtSntX3D', NULL),
('45', 9500, 1, 10000, 0, 'CK4YrUWr', NULL),
('46', 9500, 1, 10000, 0, '8wBbyDXb', NULL),
('47', 9500, 1, 10000, 0, 'dq0tvTCb', NULL),
('48', 9500, 1, 10000, 0, 'MvNMihER', NULL),
('49', 9500, 1, 10000, 0, 'dZXNPJHX', NULL),
('5', 9500, 1, 10000, 0, 'jIIdq8NO', NULL),
('50', 9500, 1, 10000, 0, 'DIkn48G1', NULL),
('51', 9500, 1, 10000, 0, 'hiDnZIEW', NULL),
('52', 9500, 1, 10000, 0, 'anBt9G9u', NULL),
('53', 9500, 1, 10000, 0, '0aloz5VS', NULL),
('54', 9500, 1, 10000, 0, 'Vox6DqS2', NULL),
('55', 9500, 1, 10000, 0, 'A3Ens4Xa', NULL),
('56', 9500, 1, 10000, 0, 'vHlSLdMo', NULL),
('57', 9500, 1, 10000, 0, 'C1S66rvk', NULL),
('58', 9500, 1, 10000, 0, 'QqVMmjFN', NULL),
('59', 9500, 1, 10000, 0, 'gTLlutIk', NULL),
('6', 9500, 1, 10000, 0, 'QhNpN2eE', NULL),
('60', 9500, 1, 10000, 0, 'dMhmjzKi', NULL),
('6096643463', 95850, 6, 200000, 80, NULL, NULL),
('61', 9500, 1, 10000, 0, '63Y8gxMv', NULL),
('62', 9500, 1, 10000, 0, 'R0LW3olG', NULL),
('63', 9500, 1, 10000, 0, 'sB2Mla9r', NULL),
('64', 9500, 1, 10000, 0, 'gwdakxHg', NULL),
('65', 9500, 1, 10000, 0, 'tqLBs4o2', NULL),
('66', 9500, 1, 10000, 0, 'gKk793dR', NULL),
('67', 9500, 1, 10000, 0, 'ru6g4h4f', NULL),
('68', 9500, 1, 10000, 0, 'na0gAjJU', NULL),
('69', 9500, 1, 10000, 0, 'kNMIias8', NULL),
('7', 9500, 1, 10000, 0, 'ONSftxYk', NULL),
('70', 9500, 1, 10000, 0, '460y2W3I', NULL),
('71', 9500, 1, 10000, 0, 'nM1e5aWb', NULL),
('72', 9500, 1, 10000, 0, 'Anpfa9yZ', NULL),
('73', 9500, 1, 10000, 0, '7MTtoX1t', NULL),
('74', 9500, 1, 10000, 0, '5JOODLFi', NULL),
('75', 9500, 1, 10000, 0, 'FKO76rTe', NULL),
('76', 9500, 1, 10000, 0, 'wlQJsEJS', NULL),
('77', 9500, 1, 10000, 0, 'xqA9k66f', NULL),
('7700213211', 0, 1, 10000, 0, 'NzcwMDIx', '278535579'),
('78', 9500, 1, 10000, 0, 'SrP5V4oD', NULL),
('79', 9500, 1, 10000, 0, '7BxXOBn7', NULL),
('8', 9500, 1, 10000, 0, '5AA6ITmB', NULL),
('80', 9500, 1, 10000, 0, '6CJPdwTS', NULL),
('81', 9500, 1, 10000, 0, 'aeuw7xhz', NULL),
('82', 9500, 1, 10000, 0, 'TJNYJBtX', NULL),
('83', 9500, 1, 10000, 0, 'WedLbxVR', NULL),
('84', 9500, 1, 10000, 0, 'q09EzZ9r', NULL),
('85', 9500, 1, 10000, 0, '4f0fnnZC', NULL),
('86', 9500, 1, 10000, 0, 'Ye0NUQdv', NULL),
('87', 9500, 1, 10000, 0, 'Ijm6MmML', NULL),
('88', 9500, 1, 10000, 0, 'g13W6L7F', NULL),
('89', 9500, 1, 10000, 0, 'mPIzJALo', NULL),
('9', 9500, 1, 10000, 0, 'WyMLpPDT', NULL),
('90', 9500, 1, 10000, 0, 'g3jBOzPg', NULL),
('91', 9500, 1, 10000, 0, 'T5SpalKs', NULL),
('92', 9500, 1, 10000, 0, 'pnrKoeHD', NULL),
('93', 9500, 1, 10000, 0, '4srbkoDt', NULL),
('94', 9500, 1, 10000, 0, 'fwQ7Zs1S', NULL),
('95', 9500, 1, 10000, 0, 'NeLu1PPx', NULL),
('96', 9500, 1, 10000, 0, '9uDSumSn', NULL),
('97', 9500, 1, 10000, 0, 'F3rVgUST', NULL),
('98', 9500, 1, 10000, 0, 'oB46x9wa', NULL),
('99', 9500, 1, 10000, 0, 'uT2WtG4q', NULL);

-- --------------------------------------------------------

--
-- Struttura della tabella `usertask`
--

CREATE TABLE `usertask` (
  `task_id` int(11) NOT NULL,
  `completato` tinyint(1) DEFAULT 0,
  `user_id` varchar(100) NOT NULL,
  `claim_count` int(11) DEFAULT 0,
  `data_claim` date DEFAULT NULL
) ENGINE=InnoDB DEFAULT CHARSET=utf8mb4;

--
-- Dump dei dati per la tabella `usertask`
--

INSERT INTO `usertask` (`task_id`, `completato`, `user_id`, `claim_count`, `data_claim`) VALUES
(3, 0, '278535579', 50, '2025-02-15'),
(4, 1, '278535579', 0, '2025-02-12'),
(5, 1, '278535579', 0, '2025-02-14');

-- --------------------------------------------------------

--
-- Struttura della tabella `user_daily_check`
--

CREATE TABLE `user_daily_check` (
  `last_claim_date` datetime DEFAULT NULL,
  `consecutive_days` int(11) DEFAULT 0,
  `points` int(11) DEFAULT 0,
  `id_daily_check` int(11) NOT NULL,
  `user_id` varchar(100) DEFAULT NULL
) ENGINE=InnoDB DEFAULT CHARSET=utf8mb4;

--
-- Dump dei dati per la tabella `user_daily_check`
--

INSERT INTO `user_daily_check` (`last_claim_date`, `consecutive_days`, `points`, `id_daily_check`, `user_id`) VALUES
('2025-01-18 14:23:20', 1, 50, 4, '6096643463'),
('2025-02-15 00:34:47', 1, 50, 107, '278535579'),
('2025-02-13 15:32:16', 1, 50, 108, '1'),
('2025-02-13 20:20:02', 1, 50, 109, '50'),
('2025-02-13 20:20:04', 1, 50, 110, '48'),
('2025-02-13 20:20:06', 1, 50, 111, '88'),
('2025-02-13 20:20:07', 1, 50, 112, '100'),
('2025-02-13 20:20:10', 1, 50, 113, '101'),
('2025-02-13 20:20:16', 1, 50, 114, '103'),
('2025-02-13 20:20:18', 1, 50, 115, '105'),
('2025-02-13 20:20:20', 1, 50, 116, '108'),
('2025-02-13 20:20:20', 1, 50, 117, '116'),
('2025-02-13 20:20:21', 1, 50, 118, '120'),
('2025-02-13 20:20:21', 1, 50, 119, '124'),
('2025-02-13 20:20:21', 1, 50, 120, '125'),
('2025-02-13 20:20:22', 1, 50, 121, '133'),
('2025-02-13 20:20:22', 1, 50, 122, '130'),
('2025-02-13 20:20:22', 1, 50, 123, '129'),
('2025-02-13 20:20:27', 1, 50, 124, '157'),
('2025-02-13 20:20:28', 1, 50, 125, '162'),
('2025-02-13 20:20:29', 1, 50, 126, '184'),
('2025-02-13 20:20:31', 1, 50, 127, '202'),
('2025-02-13 20:20:32', 1, 50, 128, '203'),
('2025-02-13 20:20:37', 1, 50, 129, '205'),
('2025-02-13 20:20:39', 1, 50, 130, '213'),
('2025-02-13 20:20:40', 1, 50, 131, '215'),
('2025-02-13 20:20:40', 1, 50, 132, '219'),
('2025-02-13 20:20:40', 1, 50, 133, '220'),
('2025-02-13 20:20:40', 1, 50, 134, '223'),
('2025-02-13 20:20:40', 1, 50, 135, '227'),
('2025-02-13 20:20:41', 1, 50, 136, '230'),
('2025-02-13 20:20:42', 1, 50, 137, '231'),
('2025-02-13 20:20:42', 1, 50, 138, '232'),
('2025-02-13 20:20:43', 1, 50, 139, '234'),
('2025-02-13 20:20:46', 1, 50, 140, '236'),
('2025-02-13 20:20:46', 1, 50, 141, '239'),
('2025-02-13 20:20:48', 1, 50, 142, '240'),
('2025-02-13 20:20:49', 1, 50, 143, '241'),
('2025-02-13 20:20:49', 1, 50, 144, '242'),
('2025-02-13 20:20:49', 1, 50, 145, '245'),
('2025-02-13 20:20:50', 1, 50, 146, '257'),
('2025-02-13 20:20:50', 1, 50, 147, '270'),
('2025-02-13 20:20:51', 1, 50, 148, '283'),
('2025-02-13 20:20:52', 1, 50, 149, '296'),
('2025-02-13 20:20:53', 1, 50, 150, '300'),
('2025-02-13 20:20:54', 1, 50, 151, '302'),
('2025-02-13 20:20:56', 1, 50, 152, '303'),
('2025-02-13 20:20:57', 1, 50, 153, '304'),
('2025-02-13 20:20:57', 1, 50, 154, '305'),
('2025-02-13 20:20:59', 1, 50, 155, '307'),
('2025-02-13 20:21:00', 1, 50, 156, '315'),
('2025-02-13 20:21:01', 1, 50, 157, '318'),
('2025-02-13 20:21:02', 1, 50, 158, '322'),
('2025-02-13 20:21:02', 1, 50, 159, '324'),
('2025-02-13 20:21:02', 1, 50, 160, '328'),
('2025-02-13 20:21:02', 1, 50, 161, '331'),
('2025-02-13 20:21:03', 1, 50, 162, '332'),
('2025-02-13 20:21:05', 1, 50, 163, '333'),
('2025-02-13 20:21:05', 1, 50, 164, '334'),
('2025-02-13 20:21:07', 1, 50, 165, '337'),
('2025-02-13 20:21:08', 1, 50, 166, '338'),
('2025-02-13 20:21:08', 1, 50, 167, '340'),
('2025-02-13 20:21:08', 1, 50, 168, '341'),
('2025-02-13 20:21:09', 1, 50, 169, '342'),
('2025-02-13 20:21:09', 1, 50, 170, '345'),
('2025-02-13 20:21:09', 1, 50, 171, '346'),
('2025-02-13 20:21:09', 1, 50, 172, '369'),
('2025-02-13 20:21:10', 1, 50, 173, '380');

-- --------------------------------------------------------

--
-- Struttura della tabella `user_hardware`
--

CREATE TABLE `user_hardware` (
  `purchase_id` int(11) NOT NULL,
  `hardware_type` varchar(50) NOT NULL,
  `hardware_name` varchar(100) NOT NULL,
  `price_cns` int(11) DEFAULT NULL,
  `price_usdt` decimal(10,2) DEFAULT NULL,
  `mining_profit` int(11) NOT NULL,
  `purchased_at` timestamp NOT NULL DEFAULT current_timestamp(),
  `is_purchased` tinyint(1) DEFAULT 0,
  `user_id` varchar(100) DEFAULT NULL,
  `hardware_level` int(11) DEFAULT NULL
) ENGINE=InnoDB DEFAULT CHARSET=utf8mb4;

--
-- Dump dei dati per la tabella `user_hardware`
--

INSERT INTO `user_hardware` (`purchase_id`, `hardware_type`, `hardware_name`, `price_cns`, `price_usdt`, `mining_profit`, `purchased_at`, `is_purchased`, `user_id`, `hardware_level`) VALUES
(16, 'CPU', 'Intellix C1', 1000, NULL, 10, '2025-01-18 13:29:24', 1, '6096643463', 1),
(17, 'HDD', 'BasicDrive H1', 2000, NULL, 15, '2025-01-18 13:30:43', 1, '6096643463', 1),
(287, 'HDD', 'BasicDrive H1', 2000, NULL, 15, '2025-01-27 23:54:03', 1, '278535579', 1),
(288, 'HDD', 'UltraDrive H2', 4000, NULL, 30, '2025-01-27 23:54:17', 1, '278535579', 2),
(289, 'NETWORK-CARD', 'NetworkX 1', 2000, NULL, 30, '2025-01-27 23:54:21', 1, '278535579', 1),
(290, 'OS', 'OSBase 1', 2000, NULL, 20, '2025-01-27 23:54:32', 1, '278535579', 1),
(291, 'NETWORK-CARD', 'NetworkX 1', 2000, NULL, 30, '2025-01-28 13:12:18', 1, '6096643463', 1),
(292, 'SSD', 'FlashCore S1', 5000, NULL, 25, '2025-01-28 13:12:41', 1, '6096643463', 1),
(293, 'CPU', 'Intellix C1', 1000, NULL, 10, '2025-01-30 12:02:48', 1, '278535579', 1),
(294, 'HDD', 'FusionDrive H3', 8000, NULL, 70, '2025-01-30 20:35:05', 1, '278535579', 3),
(295, 'NETWORK-CARD', 'NetworkX 2', 5000, NULL, 60, '2025-01-30 20:35:12', 1, '278535579', 2),
(296, 'RAM', 'HyperFlow R1', 2000, NULL, 5, '2025-01-30 20:35:17', 1, '278535579', 1),
(297, 'GPU', 'OptiFusion I1', 1000, NULL, 10, '2025-02-05 11:06:20', 1, '278535579', 1),
(298, 'SSD', 'FlashCore S1', 5000, NULL, 25, '2025-02-10 13:27:06', 1, '278535579', 1),
(299, 'SSD', 'FlashCore S2', 10000, NULL, 50, '2025-02-10 13:27:26', 1, '278535579', 2),
(300, 'GPU', 'OptiFusion I2', 5000, NULL, 20, '2025-02-10 13:44:55', 1, '278535579', 2),
(301, 'CPU', 'Intellix C2', 5000, NULL, 20, '2025-02-10 13:48:27', 1, '278535579', 2),
(313, 'NETWORK-CARD', 'NetworkX 3', 10000, NULL, 120, '2025-02-11 18:55:33', 1, '278535579', 3),
(339, 'NETWORK-CARD', 'NetworkX 4', 20000, NULL, 250, '2025-02-12 14:28:14', 1, '278535579', 4),
(340, 'NETWORK-CARD', 'NetworkX 5', 30000, NULL, 500, '2025-02-12 14:28:36', 1, '278535579', 5),
(341, 'NETWORK-CARD', 'NetworkX 600', NULL, '0.01', 700, '2025-02-12 14:30:08', 1, '278535579', 6),
(342, 'NETWORK-CARD', 'NetworkX 700', NULL, '0.05', 1500, '2025-02-12 14:31:02', 1, '278535579', 7),
(343, 'CPU', 'HyperCore C3', 10000, NULL, 40, '2025-02-12 19:31:51', 1, '278535579', 3),
(344, 'CPU', 'HyperCore C4', 15000, NULL, 80, '2025-02-12 19:31:52', 1, '278535579', 4),
(347, 'HDD', 'FusionDrive H4', 15000, NULL, 80, '2025-02-12 20:31:41', 1, '278535579', 4),
(354, 'CPU', 'HyperCore C5', NULL, '0.01', 150, '2025-02-13 11:50:33', 1, '278535579', 5);

--
-- Indici per le tabelle scaricate
--

--
-- Indici per le tabelle `countdown`
--
ALTER TABLE `countdown`
  ADD PRIMARY KEY (`id`),
  ADD KEY `farming_start` (`user_id`);

--
-- Indici per le tabelle `farming_status`
--
ALTER TABLE `farming_status`
  ADD PRIMARY KEY (`id`),
  ADD KEY `farming_status` (`user_id`);

--
-- Indici per le tabelle `items`
--
ALTER TABLE `items`
  ADD PRIMARY KEY (`item_id`);

--
-- Indici per le tabelle `levels`
--
ALTER TABLE `levels`
  ADD PRIMARY KEY (`level_id`);

--
-- Indici per le tabelle `referrals`
--
ALTER TABLE `referrals`
  ADD PRIMARY KEY (`id`),
  ADD KEY `inviter_id` (`inviter_id`),
  ADD KEY `invited_id` (`invited_id`);

--
-- Indici per le tabelle `task`
--
ALTER TABLE `task`
  ADD PRIMARY KEY (`id_task`);

--
-- Indici per le tabelle `task_claims`
--
ALTER TABLE `task_claims`
  ADD PRIMARY KEY (`user_id`,`task_id`,`claim_date`),
  ADD KEY `task_id` (`task_id`);

--
-- Indici per le tabelle `useritems`
--
ALTER TABLE `useritems`
  ADD PRIMARY KEY (`id`),
  ADD KEY `fk_item` (`item_id`),
  ADD KEY `fk_user` (`user_id`);

--
-- Indici per le tabelle `users`
--
ALTER TABLE `users`
  ADD PRIMARY KEY (`user_id`);

--
-- Indici per le tabelle `usertask`
--
ALTER TABLE `usertask`
  ADD PRIMARY KEY (`task_id`,`user_id`);

--
-- Indici per le tabelle `user_daily_check`
--
ALTER TABLE `user_daily_check`
  ADD PRIMARY KEY (`id_daily_check`),
  ADD KEY `user_daily_check` (`user_id`);

--
-- Indici per le tabelle `user_hardware`
--
ALTER TABLE `user_hardware`
  ADD PRIMARY KEY (`purchase_id`),
  ADD KEY `user_hardware` (`user_id`);

--
-- AUTO_INCREMENT per le tabelle scaricate
--

--
-- AUTO_INCREMENT per la tabella `countdown`
--
ALTER TABLE `countdown`
  MODIFY `id` int(11) NOT NULL AUTO_INCREMENT, AUTO_INCREMENT=649;

--
-- AUTO_INCREMENT per la tabella `farming_status`
--
ALTER TABLE `farming_status`
  MODIFY `id` int(11) NOT NULL AUTO_INCREMENT, AUTO_INCREMENT=95;

--
-- AUTO_INCREMENT per la tabella `items`
--
ALTER TABLE `items`
  MODIFY `item_id` int(11) NOT NULL AUTO_INCREMENT, AUTO_INCREMENT=8;

--
-- AUTO_INCREMENT per la tabella `referrals`
--
ALTER TABLE `referrals`
  MODIFY `id` int(11) NOT NULL AUTO_INCREMENT, AUTO_INCREMENT=41;

--
-- AUTO_INCREMENT per la tabella `task`
--
ALTER TABLE `task`
  MODIFY `id_task` int(11) NOT NULL AUTO_INCREMENT, AUTO_INCREMENT=14;

--
-- AUTO_INCREMENT per la tabella `useritems`
--
ALTER TABLE `useritems`
  MODIFY `id` int(11) NOT NULL AUTO_INCREMENT, AUTO_INCREMENT=447;

--
-- AUTO_INCREMENT per la tabella `user_daily_check`
--
ALTER TABLE `user_daily_check`
  MODIFY `id_daily_check` int(11) NOT NULL AUTO_INCREMENT, AUTO_INCREMENT=174;

--
-- AUTO_INCREMENT per la tabella `user_hardware`
--
ALTER TABLE `user_hardware`
  MODIFY `purchase_id` int(11) NOT NULL AUTO_INCREMENT, AUTO_INCREMENT=355;

--
-- Limiti per le tabelle scaricate
--

--
-- Limiti per la tabella `countdown`
--
ALTER TABLE `countdown`
  ADD CONSTRAINT `farming_start` FOREIGN KEY (`user_id`) REFERENCES `users` (`user_id`),
  ADD CONSTRAINT `users` FOREIGN KEY (`user_id`) REFERENCES `users` (`user_id`);

--
-- Limiti per la tabella `farming_status`
--
ALTER TABLE `farming_status`
  ADD CONSTRAINT `farming_status` FOREIGN KEY (`user_id`) REFERENCES `users` (`user_id`);

--
-- Limiti per la tabella `referrals`
--
ALTER TABLE `referrals`
  ADD CONSTRAINT `referrals_ibfk_1` FOREIGN KEY (`inviter_id`) REFERENCES `users` (`user_id`) ON DELETE CASCADE,
  ADD CONSTRAINT `referrals_ibfk_2` FOREIGN KEY (`invited_id`) REFERENCES `users` (`user_id`) ON DELETE CASCADE;

--
-- Limiti per la tabella `task_claims`
--
ALTER TABLE `task_claims`
  ADD CONSTRAINT `task_claims_ibfk_1` FOREIGN KEY (`user_id`) REFERENCES `users` (`user_id`) ON DELETE CASCADE,
  ADD CONSTRAINT `task_claims_ibfk_2` FOREIGN KEY (`task_id`) REFERENCES `task` (`id_task`) ON DELETE CASCADE;

--
-- Limiti per la tabella `useritems`
--
ALTER TABLE `useritems`
  ADD CONSTRAINT `fk_item` FOREIGN KEY (`item_id`) REFERENCES `items` (`item_id`),
  ADD CONSTRAINT `fk_user` FOREIGN KEY (`user_id`) REFERENCES `users` (`user_id`);

--
-- Limiti per la tabella `user_daily_check`
--
ALTER TABLE `user_daily_check`
  ADD CONSTRAINT `user_daily_check` FOREIGN KEY (`user_id`) REFERENCES `users` (`user_id`),
  ADD CONSTRAINT `user_daily_check_ibfk_1` FOREIGN KEY (`user_id`) REFERENCES `users` (`user_id`) ON DELETE CASCADE;

--
-- Limiti per la tabella `user_hardware`
--
ALTER TABLE `user_hardware`
  ADD CONSTRAINT `user_hardware` FOREIGN KEY (`user_id`) REFERENCES `users` (`user_id`);
COMMIT;

/*!40101 SET CHARACTER_SET_CLIENT=@OLD_CHARACTER_SET_CLIENT */;
/*!40101 SET CHARACTER_SET_RESULTS=@OLD_CHARACTER_SET_RESULTS */;
/*!40101 SET COLLATION_CONNECTION=@OLD_COLLATION_CONNECTION */;
